playerName,From,To,Pos,Ht,Wt,birthDate,Colleges
Álex Abrines,2017,2019,G-F,6-6,200.0,"August 1, 1993",
Alex Acker,2006,2009,G,6-5,185.0,"January 21, 1983",Pepperdine
Quincy Acy,2013,2019,F-C,6-7,240.0,"October 6, 1990",Baylor
Hassan Adams,2007,2009,G,6-4,220.0,"June 20, 1984",Arizona
Jaylen Adams,2019,2021,G,6-0,225.0,"May 4, 1996",St. Bonaventure
Jordan Adams,2015,2016,G,6-5,209.0,"July 8, 1994",UCLA
Deng Adel,2019,2019,F,6-7,200.0,"February 1, 1997",Louisville
Jeff Adrien,2011,2015,F,6-7,245.0,"February 10, 1986",UConn
Arron Afflalo,2008,2018,G-F,6-5,210.0,"October 15, 1985",UCLA
Maurice Ager,2007,2011,G,6-5,202.0,"February 9, 1984",Michigan State
Blake Ahearn,2008,2012,G,6-2,190.0,"May 27, 1984",Missouri State
Alexis Ajinça,2009,2017,C-F,7-2,248.0,"May 6, 1988",
Josh Akognon,2013,2013,G,5-11,185.0,"February 10, 1986","Washington State, Cal State Fullerton"
DeVaughn Akoon-Purcell,2019,2019,G,6-6,200.0,"June 5, 1993",Illinois State
Solomon Alabi,2011,2012,C,7-1,251.0,"March 21, 1988",Florida State
Furkan Aldemir,2015,2015,F-C,6-10,240.0,"August 9, 1991",
Cole Aldrich,2011,2018,C,6-11,250.0,"October 31, 1988",Kansas
LaMarcus Aldridge,2007,2022,F-C,6-11,250.0,"July 19, 1985",Texas
Cliff Alexander,2016,2016,F,6-8,245.0,"November 16, 1995",Kansas
Courtney Alexander,2001,2003,G,6-5,205.0,"April 27, 1977","Virginia, Fresno State"
Joe Alexander,2009,2010,F,6-8,230.0,"December 26, 1986",West Virginia
Kyle Alexander,2020,2020,F,6-11,220.0,"October 21, 1996",Tennessee
Ty-Shon Alexander,2021,2021,G,6-3,195.0,"July 16, 1998",Creighton
Rawle Alkins,2019,2019,G,6-5,225.0,"October 29, 1997",Arizona
Kadeem Allen,2018,2020,G,6-1,200.0,"January 15, 1993",Arizona
Lavoy Allen,2012,2017,F-C,6-9,260.0,"February 4, 1989",Temple
Malik Allen,2002,2011,F-C,6-10,255.0,"June 27, 1978",Villanova
Tony Allen,2005,2018,G-F,6-4,213.0,"January 11, 1982","Butler County Community College, Oklahoma State"
Lance Allred,2008,2008,C,6-11,250.0,"February 2, 1981","Utah, Weber State"
Morris Almond,2008,2012,G,6-6,225.0,"February 2, 1985",Rice University
Rafer Alston,2000,2010,G,6-2,171.0,"July 24, 1976",Fresno State
Al-Farouq Aminu,2011,2021,F,6-8,220.0,"September 21, 1990",Wake Forest
Lou Amundson,2007,2016,F-C,6-9,220.0,"December 7, 1982",UNLV
Chris Andersen,2002,2017,C-F,6-10,245.0,"July 7, 1978",Blinn College
David Andersen,2010,2011,C,6-11,245.0,"June 23, 1980",
Alan Anderson,2006,2017,G-F,6-6,220.0,"October 16, 1982",Michigan State
Antonio Anderson,2010,2010,G,6-6,215.0,"June 5, 1985",Memphis
James Anderson,2011,2016,G-F,6-6,213.0,"March 25, 1989",Oklahoma State
Justin Anderson,2016,2022,G,6-6,230.0,"November 19, 1993",Virginia
Ryan Anderson,2009,2020,F,6-9,240.0,"May 6, 1988",California
Martynas Andriuškevičius,2006,2006,C,7-2,240.0,"March 12, 1986",
Ike Anigbogu,2018,2019,F-C,6-10,250.0,"October 17, 1998",UCLA
Kostas Antetokounmpo,2019,2021,F,6-10,200.0,"November 20, 1997",Dayton
Carmelo Anthony,2004,2022,F,6-7,238.0,"May 29, 1984",Syracuse
Joel Anthony,2008,2017,C,6-9,245.0,"August 9, 1982",UNLV
Pero Antić,2014,2015,C-F,6-11,260.0,"July 29, 1982",
Keith Appling,2016,2016,G,6-1,185.0,"February 13, 1992",Michigan State
Rafael Araújo,2005,2007,C,6-11,280.0,"August 12, 1980",BYU
Robert Archibald,2003,2004,F,6-11,250.0,"March 29, 1980",Illinois
Gilbert Arenas,2002,2012,G,6-4,191.0,"January 6, 1982",Arizona
Trevor Ariza,2005,2022,F,6-8,215.0,"June 30, 1985",UCLA
Brandon Armstrong,2002,2004,G,6-5,188.0,"June 16, 1980",Pepperdine
Hilton Armstrong,2007,2014,F-C,6-11,235.0,"November 11, 1984",UConn
Carlos Arroyo,2002,2011,G,6-2,202.0,"July 30, 1979",Florida International University
Darrell Arthur,2009,2018,F,6-9,235.0,"March 25, 1988",Kansas
Jamel Artis,2018,2018,G-F,6-7,213.0,"January 12, 1993",Pitt
Ömer Aşık,2011,2018,C,7-0,255.0,"July 4, 1986",
Chucky Atkins,2000,2010,G,5-11,160.0,"August 14, 1974",South Florida
D.J. Augustin,2009,2022,G,5-11,183.0,"November 10, 1987",Texas
James Augustine,2007,2008,F,6-10,235.0,"February 27, 1984",Illinois
William Avery,2000,2002,G,6-2,197.0,"August 8, 1979",Duke
Joel Ayayi,2022,2022,G,6-5,180.0,"March 5, 2000",Gonzaga
Gustavo Ayón,2012,2014,C,6-10,250.0,"April 1, 1985",
Jeff Ayres,2010,2016,F,6-9,240.0,"April 29, 1987",Arizona State
Kelenna Azubuike,2007,2012,G,6-5,220.0,"December 16, 1983",Kentucky
Chris Babb,2014,2014,G,6-5,225.0,"February 14, 1990","Penn State, Iowa State"
Luke Babbitt,2011,2018,F,6-9,225.0,"June 20, 1989",Nevada
Dwayne Bacon,2018,2021,G,6-6,221.0,"August 30, 1995",Florida State
Dalibor Bagarić,2001,2003,C,7-1,255.0,"February 7, 1980",
Cameron Bairstow,2015,2016,F-C,6-9,250.0,"December 7, 1990",New Mexico
Maurice Baker,2005,2005,G,6-1,175.0,"July 28, 1979",Oklahoma State
Ron Baker,2017,2019,G,6-4,220.0,"March 30, 1993",Wichita State
Wade Baldwin,2017,2019,G,6-4,200.0,"March 29, 1996",Vanderbilt
Renaldo Balkman,2007,2012,F,6-8,208.0,"July 14, 1984",South Carolina
Lonzo Ball,2018,2022,G,6-6,190.0,"October 27, 1997",UCLA
Marcus Banks,2004,2011,G,6-2,200.0,"November 19, 1981",UNLV
Cat Barber,2022,2022,G,6-2,190.0,"July 25, 1994",NC State
Leandro Barbosa,2004,2017,G,6-3,194.0,"November 28, 1982",
J.J. Barea,2007,2020,G,5-10,180.0,"June 26, 1984",Northeastern University
Andrea Bargnani,2007,2016,F-C,7-0,245.0,"October 26, 1985",
Erick Barkley,2001,2002,G,6-1,177.0,"February 21, 1978",St. John's
Matt Barnes,2004,2017,F,6-7,226.0,"March 9, 1980",UCLA
Andre Barrett,2005,2008,G,5-10,172.0,"February 21, 1982",Seton Hall
Earl Barron,2006,2015,C,7-0,250.0,"August 14, 1981",Memphis
Eddie Basden,2006,2006,G,6-5,215.0,"February 15, 1983",UNC Charlotte
Brandon Bass,2006,2017,F,6-8,250.0,"April 30, 1985",LSU
Paris Bass,2022,2022,F,6-8,200.0,"August 29, 1995",Detroit Mercy
Maceo Baston,2003,2009,F,6-9,215.0,"May 29, 1975",Michigan
Mengke Bateer,2002,2004,C,6-11,290.0,"November 20, 1975",
Esteban Batista,2006,2007,F-C,6-10,270.0,"September 2, 1983",
Mike Batiste,2003,2003,F,6-8,225.0,"November 21, 1977",Arizona State
Shane Battier,2002,2014,F,6-8,220.0,"September 9, 1978",Duke
Lonny Baxter,2003,2006,F,6-8,260.0,"January 27, 1979",Maryland
Jerryd Bayless,2009,2019,G,6-3,200.0,"August 20, 1988",Arizona
Aron Baynes,2013,2021,C,6-10,260.0,"December 9, 1986",Washington State
Kent Bazemore,2013,2022,G-F,6-4,195.0,"July 1, 1989",Old Dominion
Jerome Beasley,2004,2004,F,6-10,237.0,"May 17, 1980","Midland College, University of North Dakota"
Michael Beasley,2009,2019,F,6-9,235.0,"January 9, 1989",Kansas State
Rodrigue Beaubois,2010,2013,G,6-0,170.0,"February 24, 1988",
Marco Belinelli,2008,2020,G-F,6-5,220.0,"March 25, 1986",
Charlie Bell,2002,2011,G,6-3,200.0,"March 12, 1979",Michigan State
Jordan Bell,2018,2022,F,6-8,216.0,"January 7, 1995",Oregon
Raja Bell,2001,2012,G,6-5,204.0,"September 19, 1976","Boston University, Florida International University"
Troy Bell,2004,2004,G,6-1,180.0,"November 10, 1980",Boston College
DeAndre' Bembry,2017,2022,F,6-5,210.0,"July 4, 1994",Saint Joseph's
Dragan Bender,2017,2020,F,7-0,225.0,"November 17, 1997",
Jonathan Bender,2000,2010,F,6-11,202.0,"January 30, 1981",
Jerrelle Benimon,2015,2015,F,6-8,245.0,"August 1, 1991","Georgetown, Towson University"
Anthony Bennett,2014,2017,F,6-8,245.0,"March 14, 1993",UNLV
Keith Benson,2012,2012,C,6-11,240.0,"August 13, 1988",Oakland
Ben Bentil,2017,2017,F,6-9,235.0,"March 29, 1995",Providence
Dairis Bertāns,2019,2019,G,6-4,200.0,"September 9, 1989",
Tyler Bey,2021,2021,F,6-7,215.0,"February 10, 1998",Colorado
Sim Bhullar,2015,2015,C,7-5,360.0,"December 2, 1992",New Mexico State
Andris Biedriņš,2005,2014,C,6-11,240.0,"April 2, 1986",
Jabari Bird,2018,2018,G,6-6,198.0,"July 3, 1994",California
Nemanja Bjelica,2016,2022,F,6-10,234.0,"May 9, 1988",
Tarik Black,2015,2018,C-F,6-9,250.0,"November 22, 1991","Memphis, Kansas"
DeJuan Blair,2010,2016,F-C,6-7,270.0,"April 22, 1989",Pitt
Steve Blake,2004,2016,G,6-3,172.0,"February 26, 1980",Maryland
Antonio Blakeney,2018,2019,G,6-4,192.0,"October 4, 1996",LSU
Will Blalock,2007,2007,G,6-0,205.0,"September 8, 1983",Iowa State
Andray Blatche,2006,2014,F,6-11,235.0,"August 22, 1986",
Eric Bledsoe,2011,2022,G,6-1,214.0,"December 9, 1989",Kentucky
Keljin Blevins,2021,2022,F,6-4,200.0,"November 24, 1995","Southern Miss, Montana State"
Jaron Blossomgame,2019,2019,F,6-8,220.0,"September 16, 1993",Clemson
Mark Blount,2001,2009,C,7-0,230.0,"November 30, 1975",Pitt
Vander Blue,2014,2018,G,6-4,200.0,"July 17, 1992",Marquette
Tony Bobbitt,2005,2005,G,6-4,190.0,"October 22, 1979",Cincinnati
Keith Bogans,2004,2014,G-F,6-5,215.0,"May 12, 1980",Kentucky
Andrew Bogut,2006,2019,C,7-0,260.0,"November 28, 1984",Utah
Jonah Bolden,2019,2020,F,6-8,220.0,"January 2, 1996",UCLA
Joel Bolomboy,2017,2018,F,6-9,235.0,"January 28, 1994",Weber State
Jordan Bone,2020,2021,G,6-2,180.0,"November 5, 1997",Tennessee
Isaac Bonga,2019,2022,G,6-8,180.0,"November 8, 1999",
Matt Bonner,2005,2016,F,6-10,235.0,"April 5, 1980",Florida
Trevor Booker,2011,2018,F,6-8,228.0,"November 25, 1987",Clemson
Josh Boone,2007,2010,F-C,6-10,237.0,"November 21, 1984",UConn
Calvin Booth,2000,2009,C,6-11,230.0,"May 7, 1976",Penn State
Carlos Boozer,2003,2015,F-C,6-9,258.0,"November 20, 1981",Duke
Curtis Borchardt,2004,2005,C,7-0,240.0,"September 13, 1980",Stanford
Lazaro Borrell,2000,2000,F,6-8,220.0,"September 20, 1972",
Chris Bosh*,2004,2016,F-C,6-11,235.0,"March 24, 1984",Georgia Tech
Ruben Boumtje-Boumtje,2002,2004,C,7-0,257.0,"May 20, 1978",Georgetown
Cal Bowdler,2000,2002,F,6-10,245.0,"March 31, 1977",Old Dominion
Brian Bowen,2020,2021,F,6-6,190.0,"October 2, 1998",
Ryan Bowen,2000,2010,F,6-7,215.0,"November 20, 1975",Iowa
Ira Bowman,2000,2002,G,6-5,195.0,"June 11, 1973","Providence, Penn"
Ky Bowman,2020,2020,G,6-1,187.0,"June 16, 1997",Boston College
Cedric Bozeman,2007,2007,G,6-6,207.0,"March 7, 1983",UCLA
Craig Brackins,2011,2012,F,6-10,230.0,"October 9, 1987",Iowa State
Avery Bradley,2011,2022,G,6-3,180.0,"November 26, 1990",Texas
Michael Bradley,2002,2006,F-C,6-10,245.0,"April 18, 1979","Kentucky, Villanova"
Torraye Braggs,2004,2005,F,6-8,245.0,"May 15, 1976",Xavier
A.J. Bramlett,2000,2000,C,6-10,227.0,"January 10, 1977",Arizona
Elton Brand,2000,2016,F-C,6-9,275.0,"March 11, 1979",Duke
Ignas Brazdeikis,2020,2022,F,6-6,221.0,"January 8, 1999",Michigan
J.R. Bremer,2003,2004,G,6-2,185.0,"September 19, 1980",St. Bonaventure
Corey Brewer,2008,2020,F-G,6-9,186.0,"March 5, 1986",Florida
Jamison Brewer,2002,2005,G,6-4,184.0,"November 19, 1980",Auburn
Ronnie Brewer,2007,2014,G-F,6-7,220.0,"March 20, 1985",Arkansas
Primož Brezec,2002,2010,C,7-2,252.0,"October 2, 1979",
Amida Brimah,2021,2021,C,6-10,230.0,"February 11, 1994",UConn
Isaiah Briscoe,2019,2019,G,6-3,215.0,"April 13, 1996",Kentucky
Jon Brockman,2010,2012,F,6-7,255.0,"March 20, 1987",Washington
Ryan Broekhoff,2019,2020,F,6-6,215.0,"August 23, 1990",Valparaiso
Aaron Brooks,2008,2018,G,6-0,161.0,"January 14, 1985",Oregon
MarShon Brooks,2012,2019,G-F,6-5,200.0,"January 26, 1989",Providence
Andre Brown,2007,2009,F,6-9,245.0,"May 12, 1981",DePaul
Anthony Brown,2016,2018,F-G,6-7,210.0,"October 10, 1992",Stanford
Bobby Brown,2009,2018,G,6-2,175.0,"September 24, 1984",Cal State Fullerton
Chaundee Brown Jr.,2022,2022,G-F,6-5,215.0,"December 4, 1998","Wake Forest, Michigan"
Damone Brown,2002,2005,F,6-9,200.0,"June 28, 1979",Syracuse
Dee Brown,2007,2009,G,6-0,185.0,"August 17, 1984",Illinois
Derrick Brown,2010,2012,F,6-7,225.0,"September 8, 1987",Xavier
Devin Brown,2003,2010,G,6-5,220.0,"December 30, 1978",Texas-San Antonio
Ernest Brown,2002,2002,C,7-0,244.0,"May 17, 1979",Indian Hills Community College
Jabari Brown,2015,2015,G,6-4,215.0,"December 18, 1992","Oregon, Missouri"
Kedrick Brown,2002,2005,G,6-7,222.0,"March 18, 1981",Okaloosa-Walton Community College
Kwame Brown,2002,2013,F,6-11,270.0,"March 10, 1982",
Lorenzo Brown,2014,2019,G,6-5,189.0,"August 26, 1990",NC State
Markel Brown,2015,2018,G,6-3,190.0,"January 29, 1992",Oklahoma State
Shannon Brown,2007,2015,G,6-4,205.0,"November 29, 1985",Michigan State
Tierre Brown,2002,2005,G,6-2,189.0,"June 3, 1979",McNeese State University
Nicolás Brussino,2017,2018,G-F,6-7,195.0,"March 2, 1993",
Elijah Bryant,2021,2021,G,6-5,210.0,"April 19, 1995","Elon University, BYU"
Shaq Buchanan,2022,2022,G,6-3,190.0,"January 30, 1997","Northeast Mississippi Community College, Murray State"
Greg Buckner,2000,2009,G,6-4,210.0,"September 16, 1976",Clemson
Chase Budinger,2010,2016,F,6-7,209.0,"May 22, 1988",Arizona
Rodney Buford,2000,2005,G-F,6-5,189.0,"November 2, 1977",Creighton
Pat Burke,2003,2007,C-F,6-11,250.0,"December 14, 1973",Auburn
Trey Burke,2014,2022,G,6-0,185.0,"November 12, 1992",Michigan
Antonio Burks,2005,2006,G,6-1,200.0,"February 25, 1980",Memphis
Kevin Burleson,2006,2006,G,6-3,205.0,"September 4, 1979",Minnesota
Caron Butler,2003,2016,F,6-7,228.0,"March 13, 1980",UConn
Jackie Butler,2005,2007,F-C,6-10,250.0,"March 10, 1985",
Rasual Butler,2003,2016,F-G,6-7,215.0,"May 23, 1979",La Salle
Dwight Buycks,2014,2018,G,6-3,190.0,"March 6, 1989",Marquette
Derrick Byars,2012,2012,F,6-7,220.0,"April 25, 1984","Virginia, Vanderbilt"
Andrew Bynum,2006,2014,C,7-0,285.0,"October 27, 1987",
Will Bynum,2006,2015,G,6-0,185.0,"January 4, 1983","Arizona, Georgia Tech"
Žarko Čabarkapa,2004,2006,F,6-11,235.0,"May 21, 1981",
Bruno Caboclo,2015,2021,F-C,6-9,218.0,"September 21, 1995",
Devontae Cacok,2020,2022,F,6-7,240.0,"October 8, 1996",UNC Wilmington
Nick Calathes,2014,2015,G,6-6,213.0,"February 7, 1989",Florida
José Calderón,2006,2019,G,6-3,200.0,"September 28, 1981",
Isaiah Canaan,2014,2019,G,6-0,201.0,"May 21, 1991",Murray State
Devin Cannady,2021,2022,G,6-2,183.0,"May 21, 1996",Princeton
Derrick Caracter,2011,2011,F,6-9,275.0,"May 4, 1988","Louisville, Texas-El Paso"
Brian Cardinal,2001,2012,F,6-8,245.0,"May 2, 1977",Purdue
Geno Carlisle,2005,2005,G,6-3,180.0,"August 13, 1976","Northwestern, California"
Rodney Carney,2007,2011,F,6-7,205.0,"April 15, 1984",Memphis
DeMarre Carroll,2010,2020,F,6-6,215.0,"July 27, 1986","Vanderbilt, Missouri"
Matt Carroll,2004,2013,G,6-6,212.0,"August 28, 1980",Notre Dame
Anthony Carter,2000,2012,G,6-1,190.0,"June 16, 1975",Hawaii
Maurice Carter,2004,2004,G,6-5,210.0,"October 12, 1976",LSU
Omri Casspi,2010,2019,F,6-9,225.0,"June 22, 1988",
Willie Cauley-Stein,2016,2022,F-C,7-0,240.0,"August 18, 1993",Kentucky
Troy Caupain,2019,2019,G,6-4,210.0,"November 29, 1995",Cincinnati
Tyler Cavanaugh,2018,2019,F,6-9,238.0,"February 9, 1994",George Washington
Ahmad Caver,2022,2022,G,6-2,175.0,"September 12, 1996",Old Dominion
John Celestand,2000,2000,G,6-4,178.0,"March 6, 1977",Villanova
Lionel Chalmers,2005,2005,G,6-0,180.0,"November 10, 1980",Xavier
Mario Chalmers,2009,2018,G,6-2,190.0,"May 19, 1986",Kansas
Tyson Chandler,2002,2020,C,7-0,235.0,"October 2, 1982",
Wilson Chandler,2008,2020,F,6-8,235.0,"May 10, 1987",DePaul
Joe Chealey,2019,2020,G,6-3,190.0,"November 1, 1995",College of Charleston
Zylan Cheatham,2020,2022,F,6-5,220.0,"November 17, 1995","San Diego State, Arizona State"
Will Cherry,2015,2015,G,6-0,185.0,"February 8, 1991",Montana
Josh Childress,2005,2014,G-F,6-8,210.0,"June 20, 1983",Stanford
Chris Chiozza,2019,2022,G,5-11,175.0,"November 21, 1995",Florida
Marquese Chriss,2017,2022,F,6-9,240.0,"July 2, 1997",Washington
Dionte Christmas,2014,2014,G,6-5,205.0,"September 15, 1986",Temple
Rakeem Christmas,2016,2017,F,6-9,250.0,"December 1, 1991",Syracuse
Semaj Christon,2017,2017,G,6-3,190.0,"November 1, 1992",Xavier
Patrick Christopher,2015,2015,G-F,6-5,209.0,"June 3, 1988",California
Earl Clark,2010,2015,F,6-10,225.0,"January 17, 1988",Louisville
Gary Clark,2019,2022,F,6-6,225.0,"November 16, 1994",Cincinnati
Ian Clark,2014,2019,G,6-3,175.0,"March 7, 1991",Belmont
Coty Clarke,2016,2016,F,6-7,232.0,"July 4, 1992",Arkansas
Gian Clavell,2018,2018,G,6-4,185.0,"November 26, 1993",Colorado State
Victor Claver,2013,2015,F,6-9,224.0,"August 30, 1988",
Speedy Claxton,2002,2009,G,5-11,166.0,"May 8, 1978",Hofstra
Mateen Cleaves,2001,2006,G,6-2,205.0,"September 7, 1977",Michigan State
Chris Clemons,2020,2020,G,5-9,180.0,"July 23, 1997",Campbell
Antonius Cleveland,2018,2020,G,6-5,195.0,"February 2, 1994",SE Missouri State
Norris Cole,2012,2017,G,6-2,175.0,"October 13, 1988",Cleveland State University
Jason Collier,2001,2005,C,7-0,260.0,"September 8, 1977","Indiana, Georgia Tech"
Jarron Collins,2002,2011,F-C,6-11,255.0,"December 2, 1978",Stanford
Jason Collins,2002,2014,C,7-0,255.0,"December 2, 1978",Stanford
Mardy Collins,2007,2010,G,6-6,220.0,"August 4, 1984",Temple
Sherron Collins,2011,2011,G,5-11,205.0,"March 18, 1987",Kansas
Kyle Collinsworth,2018,2018,G-F,6-6,210.0,"October 3, 1991",BYU
Darren Collison,2010,2022,G,6-0,175.0,"August 23, 1987",UCLA
Nick Collison,2005,2018,F,6-10,255.0,"October 26, 1980",Kansas
Bonzie Colson,2019,2019,F,6-6,224.0,"January 12, 1996",Notre Dame
Sean Colson,2001,2001,G,6-0,175.0,"July 1, 1975","Rhode Island, UNC Charlotte"
Will Conroy,2007,2013,G,6-2,195.0,"December 8, 1982",Washington
Brian Cook,2004,2012,F,6-9,234.0,"December 4, 1980",Illinois
Daequan Cook,2008,2013,G,6-5,205.0,"April 28, 1987",Ohio State
Omar Cook,2004,2005,G,6-1,190.0,"January 28, 1982",St. John's
Quinn Cook,2017,2021,G,6-1,180.0,"March 23, 1993",Duke
Tyler Cook,2020,2022,F,6-8,255.0,"September 23, 1997",Iowa
Charles Cooke,2018,2018,G,6-5,196.0,"July 1, 1994",Dayton
Jack Cooley,2015,2018,F-C,6-9,260.0,"April 12, 1991",Notre Dame
Sharife Cooper,2022,2022,G,6-1,180.0,"June 11, 2001",Auburn
Chris Copeland,2013,2016,F,6-9,239.0,"March 17, 1984",Colorado
Petr Cornelie,2022,2022,F,6-11,220.0,"July 26, 1995",
Matt Costello,2018,2018,F,6-9,245.0,"August 5, 1993",Michigan State
Bryce Cotton,2015,2016,G,6-1,165.0,"August 11, 1992",Providence
Marcus Cousin,2011,2011,C,6-11,245.0,"December 18, 1986","Seton Hall, Houston"
DeMarcus Cousins,2011,2022,C-F,6-10,270.0,"August 13, 1990",Kentucky
Allen Crabbe,2014,2020,G-F,6-5,212.0,"April 9, 1992",California
Jamal Crawford,2001,2020,G,6-5,185.0,"March 20, 1980",Michigan
Joe Crawford,2009,2009,F,6-5,210.0,"June 17, 1986",Kentucky
Jordan Crawford,2011,2018,G,6-4,195.0,"October 23, 1988","Indiana, Xavier"
Mitch Creek,2019,2019,G,6-5,216.0,"April 27, 1992",
Joe Crispin,2002,2002,G,6-0,185.0,"July 18, 1979",Penn State
Javaris Crittenton,2008,2009,G,6-5,200.0,"December 31, 1987",Georgia Tech
Jarron Cumberland,2022,2022,G,6-5,205.0,"September 22, 1997",Cincinnati
Vonteego Cummings,2000,2002,G,6-3,185.0,"February 29, 1976",Pitt
Dante Cunningham,2010,2019,F,6-8,230.0,"April 22, 1987",Villanova
Jared Cunningham,2013,2016,G,6-4,195.0,"May 22, 1991",Oregon State
Eddy Curry,2002,2013,C,7-0,295.0,"December 5, 1982",
JamesOn Curry,2010,2010,G,6-3,190.0,"January 7, 1986",Oklahoma State
Samuel Dalembert,2002,2015,C,6-11,255.0,"May 10, 1981",Seton Hall
Erik Daniels,2005,2005,F,6-8,214.0,"April 1, 1982",Kentucky
Marquis Daniels,2004,2013,G-F,6-6,200.0,"January 7, 1981",Auburn
Troy Daniels,2014,2020,G,6-4,200.0,"July 15, 1991",VCU
Nate Darling,2021,2021,G,6-6,200.0,"August 30, 1998","UAB, University of Delaware"
Gigi Datome,2014,2015,F,6-8,215.0,"November 27, 1987",
Jermareo Davidson,2008,2009,F,6-10,230.0,"November 15, 1984",Alabama
Brandon Davies,2014,2015,F,6-10,240.0,"July 25, 1991",BYU
Baron Davis,2000,2012,G,6-3,209.0,"April 13, 1979",UCLA
Deyonta Davis,2017,2019,C-F,6-11,237.0,"December 2, 1996",Michigan State
Ed Davis,2011,2022,F,6-9,218.0,"June 5, 1989",UNC
Glen Davis,2008,2015,F-C,6-9,289.0,"January 1, 1986",LSU
Josh Davis,2004,2012,F,6-8,235.0,"August 10, 1980",Wyoming
Paul Davis,2007,2010,C,6-11,270.0,"July 21, 1984",Michigan State
Tyler Davis,2019,2019,C,6-10,266.0,"May 22, 1997",Texas A&M
Andre Dawkins,2015,2015,G,6-5,215.0,"September 19, 1991",Duke
Branden Dawson,2016,2016,F,6-6,225.0,"February 1, 1993",Michigan State
Eric Dawson,2012,2012,F,6-9,250.0,"July 7, 1984",Midwestern State University
Austin Daye,2010,2015,F,6-11,220.0,"June 5, 1988",Gonzaga
Nando De Colo,2013,2014,G,6-5,200.0,"June 23, 1987",
Javin DeLaurier,2022,2022,F,6-10,237.0,"April 7, 1998",Duke
Gabriel Deck,2021,2022,F,6-8,232.0,"February 8, 1995",
Bryce Dejean-Jones,2016,2016,G,6-6,209.0,"August 21, 1992","USC, UNLV, Iowa State"
Sam Dekker,2016,2022,F,6-9,230.0,"May 6, 1994",Wisconsin
Malcolm Delaney,2017,2018,G,6-3,190.0,"March 11, 1989",Virginia Tech
Carlos Delfino,2005,2013,G,6-6,230.0,"August 29, 1982",
Ángel Delgado,2019,2019,C,6-10,245.0,"November 20, 1994",Seton Hall
Luol Deng,2005,2019,F,6-9,237.0,"April 16, 1985",Duke
Justin Dentmon,2012,2013,G,5-11,185.0,"September 5, 1985",Washington
Marcus Derrickson,2019,2019,F,6-7,249.0,"February 1, 1996",Georgetown
Derrick Dial,2000,2004,G,6-4,184.0,"December 20, 1975",Eastern Michigan
Cheick Diallo,2017,2022,F,6-8,219.0,"September 13, 1996",Kansas
Boris Diaw,2004,2017,F-C,6-8,250.0,"April 16, 1982",
Yakhouba Diawara,2007,2010,G-F,6-7,225.0,"August 29, 1982",Pepperdine
Guillermo Díaz,2008,2008,G,6-2,192.0,"March 4, 1985",Miami (FL)
Dan Dickau,2003,2008,G,6-0,190.0,"September 16, 1978","Washington, Gonzaga"
Kaniel Dickens,2004,2008,F,6-8,215.0,"July 21, 1978","Tyler Junior College, Idaho"
Travis Diener,2006,2010,G,6-1,175.0,"March 1, 1982",Marquette
Ike Diogu,2006,2012,F,6-8,250.0,"September 11, 1983",Arizona State
DeSagana Diop,2002,2013,C,7-0,300.0,"January 30, 1982",
Juan Dixon,2003,2009,G,6-3,164.0,"October 9, 1978",Maryland
Keyon Dooling,2001,2013,G,6-3,196.0,"May 8, 1980",Missouri
Joey Dorsey,2009,2015,F,6-8,268.0,"December 16, 1983",Memphis
Damyean Dotson,2018,2022,G,6-5,210.0,"May 6, 1994","Oregon, Houston"
Quincy Douby,2007,2009,G,6-3,175.0,"May 16, 1984",Rutgers University
Toney Douglas,2010,2017,G,6-2,195.0,"March 16, 1986","Auburn, Florida State"
Chris Douglas-Roberts,2009,2015,G,6-7,200.0,"January 8, 1987",Memphis
Sekou Doumbouya,2020,2022,F,6-8,230.0,"December 23, 2000",
Zabian Dowdell,2011,2011,G,6-3,191.0,"September 10, 1984",Virginia Tech
Milton Doyle,2018,2018,G,6-4,185.0,"October 31, 1993",Loyola Chicago
Zoran Dragić,2015,2015,G-F,6-5,200.0,"June 22, 1989",
Larry Drew II,2015,2018,G,6-2,180.0,"March 5, 1990","UNC, UCLA"
Predrag Drobnjak,2002,2005,C,6-11,270.0,"October 27, 1975",
Jared Dudley,2008,2021,F-G,6-6,237.0,"July 10, 1985",Boston College
Chris Duhon,2005,2013,G,6-1,185.0,"August 31, 1982",Duke
Duje Dukan,2016,2016,F,6-9,220.0,"December 4, 1991",Wisconsin
Mike Dunleavy,2003,2017,F-G,6-9,230.0,"September 15, 1980",Duke
Ronald Dupree,2004,2011,F,6-7,209.0,"January 26, 1981",LSU
Trevon Duval,2019,2019,G,6-2,189.0,"August 3, 1998",Duke
Jerome Dyson,2012,2012,G,6-3,180.0,"May 1, 1987",UConn
Cleanthony Early,2015,2016,F,6-8,210.0,"April 17, 1991",Wichita State
Devin Ebanks,2011,2013,F,6-9,215.0,"October 28, 1989",West Virginia
Ndudi Ebi,2004,2005,F,6-9,200.0,"June 18, 1984",
Jaime Echenique,2022,2022,C,6-11,258.0,"April 27, 1997","Trinity Valley CC, Wichita State"
Jarell Eddie,2016,2018,G-F,6-7,218.0,"October 30, 1991",Virginia Tech
Carsen Edwards,2020,2022,G,5-11,200.0,"March 12, 1998",Purdue
Corsley Edwards,2005,2005,F,6-9,275.0,"March 5, 1979",Central Connecticut State University
John Edwards,2005,2006,C,7-0,275.0,"July 31, 1981",Kent State University
Rob Edwards,2022,2022,G,6-5,205.0,"January 20, 1997","Cleveland State University, Arizona State"
Shane Edwards,2014,2014,F,6-7,220.0,"May 31, 1987",Little Rock
Vince Edwards,2019,2019,F,6-8,225.0,"April 5, 1996",Purdue
Obinna Ekezie,2000,2005,F-C,6-9,270.0,"August 22, 1975",Maryland
Khalid El-Amin,2001,2001,G,5-10,200.0,"April 25, 1979",UConn
CJ Elleby,2021,2022,F,6-6,200.0,"June 16, 2000",Washington State
Henry Ellenson,2017,2021,F,6-10,240.0,"January 13, 1997",Marquette
Wayne Ellington,2010,2022,G,6-4,207.0,"November 29, 1987",UNC
Monta Ellis,2006,2017,G,6-3,185.0,"October 26, 1985",
Francisco Elson,2004,2012,C,7-0,235.0,"February 28, 1976",California
Melvin Ely,2003,2014,C,6-10,260.0,"May 2, 1978",Fresno State
Andre Emmett,2005,2012,F,6-5,230.0,"August 27, 1982",Texas Tech
Kim English,2013,2013,G,6-6,200.0,"September 24, 1988",Missouri
James Ennis III,2015,2022,F,6-6,215.0,"July 1, 1990",Cal State Long Beach
Tyler Ennis,2015,2018,G,6-3,194.0,"August 24, 1994",Syracuse
Semih Erden,2011,2012,C,7-0,240.0,"July 28, 1986",
Evan Eschmeyer,2000,2003,C,6-11,255.0,"May 30, 1975",Northwestern
Jacob Evans,2019,2020,G-F,6-4,210.0,"June 18, 1997",Cincinnati
Jawun Evans,2018,2019,G,6-0,185.0,"July 26, 1996",Oklahoma State
Jeremy Evans,2011,2018,F,6-9,200.0,"October 24, 1987",Western Kentucky
Maurice Evans,2002,2012,G,6-5,220.0,"November 8, 1978","Wichita State, Texas"
Reggie Evans,2003,2015,F,6-8,245.0,"May 18, 1980",Iowa
Tyreke Evans,2010,2019,G-F,6-6,220.0,"September 19, 1989",Memphis
Daniel Ewing,2006,2007,G,6-3,185.0,"March 26, 1983",Duke
Patrick Ewing,2011,2011,F,6-8,235.0,"May 20, 1984","Indiana, Georgetown"
Christian Eyenga,2011,2012,F,6-5,210.0,"June 22, 1989",
Festus Ezeli,2013,2016,C,6-11,255.0,"October 21, 1989",Vanderbilt
Tacko Fall,2020,2022,C,7-6,311.0,"December 10, 1995",Central Florida
Kenneth Faried,2012,2019,F-C,6-8,220.0,"November 19, 1989",Morehead State University
Jordan Farmar,2007,2017,G,6-2,180.0,"November 30, 1986",UCLA
Desmon Farmer,2007,2009,G,6-5,220.0,"October 7, 1981",USC
Vítor Luiz Faverani,2014,2014,C,6-11,260.0,"May 5, 1988",
Derrick Favors,2011,2022,F-C,6-9,265.0,"July 15, 1991",Georgia Tech
Nick Fazekas,2008,2008,F,6-11,235.0,"June 17, 1985",Nevada
Kay Felder,2017,2018,G,5-9,176.0,"March 29, 1995",Oakland
Cristiano Felício,2016,2021,F-C,6-11,270.0,"July 7, 1992",
Carrick Felix,2014,2014,G,6-6,201.0,"August 17, 1990",Arizona State
Noel Felix,2006,2006,F,6-9,225.0,"October 4, 1981",Fresno State
Raymond Felton,2006,2019,G,6-1,205.0,"June 26, 1984",UNC
Desmond Ferguson,2004,2004,G-F,6-7,203.0,"July 22, 1977","Missouri, Detroit Mercy"
Terrance Ferguson,2018,2021,G-F,6-6,190.0,"May 17, 1998",
Rudy Fernández,2009,2012,G,6-6,185.0,"April 4, 1985",
Yogi Ferrell,2017,2021,G,6-0,178.0,"May 9, 1993",Indiana
Kyrylo Fesenko,2008,2012,C,7-1,288.0,"December 24, 1986",
Landry Fields,2011,2015,F,6-7,210.0,"June 27, 1988",Stanford
Gerald Fitch,2006,2006,G,6-3,188.0,"August 12, 1982",Kentucky
Malik Fitts,2021,2022,F,6-8,230.0,"July 4, 1997","South Florida, Saint Mary's"
Marcus Fizer,2001,2006,F,6-9,262.0,"August 10, 1978",Iowa State
Luis Flores,2005,2005,G,6-2,200.0,"April 11, 1981","Rutgers University, Manhattan College"
Jonny Flynn,2010,2012,G,6-0,185.0,"February 6, 1989",Syracuse
Isaac Fontaine,2002,2002,G,6-4,210.0,"April 16, 1975",Washington State
Jeff Foote,2012,2012,C,7-0,265.0,"July 14, 1987",Cornell
Gary Forbes,2011,2012,F,6-7,220.0,"February 25, 1985","Virginia, UMass"
Aleem Ford,2022,2022,F,6-8,220.0,"December 22, 1997",Wisconsin
Alton Ford,2002,2004,F,6-9,275.0,"May 29, 1981",Houston
Sharrod Ford,2006,2006,F,6-9,225.0,"January 9, 1982",Clemson
T.J. Ford,2004,2012,G,6-0,165.0,"March 24, 1983",Texas
Joseph Forte,2002,2003,G,6-4,194.0,"March 23, 1981",UNC
Courtney Fortson,2012,2012,G,5-11,185.0,"May 23, 1988",Arkansas
Jeff Foster,2000,2012,F-C,6-11,236.0,"January 16, 1977",Texas State University
Antonis Fotsis,2002,2002,F,6-10,219.0,"April 1, 1981",
Tremaine Fowlkes,2002,2005,F,6-8,220.0,"April 11, 1976","California, Fresno State"
Randy Foye,2007,2017,G,6-4,213.0,"September 24, 1983",Villanova
Richie Frahm,2004,2008,G,6-5,210.0,"August 14, 1977",Gonzaga
Steve Francis,2000,2008,G,6-3,195.0,"February 21, 1977",Maryland
Jamaal Franklin,2014,2015,G,6-5,191.0,"July 21, 1991",San Diego State
Robert Franks,2021,2021,F,6-7,225.0,"December 18, 1996",Washington State
Melvin Frazier,2019,2022,G,6-5,215.0,"August 30, 1996",Tulane
Michael Frazier,2020,2020,G,6-3,200.0,"March 8, 1994",Florida
Tim Frazier,2015,2022,G,6-0,170.0,"November 1, 1990",Penn State
Jimmer Fredette,2012,2019,G,6-2,195.0,"February 25, 1989",BYU
Enes Freedom,2012,2022,C,6-10,250.0,"May 20, 1992",Kentucky
Joel Freeland,2013,2015,F-C,6-10,250.0,"February 7, 1987",
Matt Freije,2005,2007,F,6-10,240.0,"October 2, 1981",Vanderbilt
Channing Frye,2006,2019,C-F,7-0,255.0,"May 17, 1983",Arizona
Hiram Fuller,2004,2004,F,6-9,240.0,"May 15, 1981",Fresno State
Dan Gadzuric,2003,2012,C,6-11,240.0,"February 2, 1978",UCLA
Deng Gai,2006,2006,F,6-9,250.0,"March 22, 1982",Fairfield
Reece Gaines,2004,2006,G,6-6,205.0,"January 7, 1981",Louisville
Sundiata Gaines,2010,2012,G,6-1,185.0,"April 18, 1986",Georgia
Langston Galloway,2015,2022,G,6-1,200.0,"December 9, 1991",Saint Joseph's
Jorge Garbajosa,2007,2008,F,6-9,245.0,"December 19, 1977",
Rubén Garcés,2001,2001,F,6-9,245.0,"October 17, 1973",Providence
Alex Garcia,2004,2005,G,6-3,220.0,"March 4, 1980",
Francisco García,2006,2015,F-G,6-7,195.0,"December 31, 1981",Louisville
Thomas Gardner,2008,2009,G,6-5,225.0,"February 8, 1985",Missouri
Patricio Garino,2017,2017,G-F,6-6,210.0,"May 17, 1993",George Washington
Billy Garrett,2019,2019,G,6-6,213.0,"October 16, 1994",DePaul
Diante Garrett,2013,2014,G,6-4,190.0,"November 3, 1988",Iowa State
Marcus Garrett,2022,2022,G,6-5,205.0,"November 9, 1998",Kansas
Marc Gasol,2009,2021,C,6-11,255.0,"January 29, 1985",
Pau Gasol*,2002,2019,C-F,7-0,250.0,"July 6, 1980",
Michael Gbinije,2017,2017,G,6-7,200.0,"June 5, 1992","Duke, Syracuse"
Alonzo Gee,2010,2017,G,6-6,225.0,"May 29, 1987",Alabama
Mickaël Gelabale,2007,2013,F,6-7,215.0,"May 22, 1983",
Devean George,2000,2010,G-F,6-8,220.0,"August 29, 1977",Augsburg College
Marcus Georges-Hunt,2017,2018,G,6-5,216.0,"March 28, 1994",Georgia Tech
Daniel Gibson,2007,2013,G,6-2,190.0,"February 27, 1986",Texas
Jonathan Gibson,2017,2018,G,6-2,185.0,"November 8, 1987",New Mexico State
J.R. Giddens,2009,2010,G,6-5,215.0,"February 13, 1985","Kansas, New Mexico"
Trey Gilder,2010,2010,F,6-9,185.0,"January 24, 1985","McNeese State University, Northwestern State University"
Eddie Gill,2001,2009,G,6-0,190.0,"August 16, 1978",Weber State
Freddie Gillespie,2021,2022,F,6-9,245.0,"June 14, 1997","Carleton College, Baylor"
Manu Ginóbili*,2003,2018,G,6-6,205.0,"July 28, 1977",
Gordan Giriček,2003,2008,G-F,6-6,210.0,"June 20, 1977",
Mickell Gladness,2012,2012,C,6-11,220.0,"July 26, 1986",Alabama A&M University
Dion Glover,2000,2005,G,6-5,228.0,"October 22, 1978",Georgia Tech
Andreas Glyniadakis,2007,2007,C,7-1,280.0,"August 21, 1981",
Ryan Gomes,2006,2014,F,6-7,250.0,"September 1, 1982",Providence
Drew Gooden,2003,2016,F,6-10,250.0,"September 24, 1981",Kansas
Steve Goodrich,2001,2002,F,6-10,220.0,"March 18, 1976",Princeton
Archie Goodwin,2014,2017,G,6-5,200.0,"August 17, 1994",Kentucky
Brandon Goodwin,2019,2022,G,6-0,180.0,"October 2, 1995","Central Florida, Florida Gulf Coast"
Ben Gordon,2005,2015,G,6-3,200.0,"April 4, 1983",UConn
Drew Gordon,2015,2015,F,6-9,245.0,"July 12, 1990","UCLA, New Mexico"
Marcin Gortat,2008,2019,C-F,6-11,240.0,"February 17, 1984",
Andrew Goudelock,2012,2016,G,6-3,200.0,"December 7, 1988",College of Charleston
Joey Graham,2006,2011,F,6-7,225.0,"June 11, 1982","Central Florida, Oklahoma State"
Stephen Graham,2006,2011,G,6-6,215.0,"June 11, 1982","Central Florida, Oklahoma State"
Treveon Graham,2017,2020,G,6-5,219.0,"October 28, 1993",VCU
Danny Granger,2006,2015,F,6-9,222.0,"April 20, 1983","Bradley, New Mexico"
Jerian Grant,2016,2020,G,6-4,205.0,"October 9, 1992",Notre Dame
Donte Grantham,2019,2019,F,6-8,215.0,"March 19, 1995",Clemson
Hassani Gravett,2022,2022,G,6-2,188.0,"July 16, 1996","Pensacola State, South Carolina"
Aaron Gray,2008,2014,C,7-0,270.0,"December 7, 1984",Pitt
Josh Gray,2018,2020,G,6-0,180.0,"September 9, 1993",LSU
Devin Green,2006,2006,G,6-7,210.0,"October 25, 1982",Hampton
Erick Green,2015,2016,G,6-4,185.0,"May 9, 1991",Virginia Tech
Gerald Green,2006,2019,G-F,6-6,205.0,"January 26, 1986",
Taurean Green,2008,2008,G,6-0,177.0,"November 28, 1986",Florida
Willie Green,2004,2015,G,6-4,200.0,"July 28, 1981",Detroit Mercy
Donté Greene,2009,2012,F,6-11,226.0,"February 21, 1988",Syracuse
Orien Greene,2006,2011,G,6-4,208.0,"February 4, 1982","Florida, Louisiana"
Lynn Greer,2007,2007,G,6-2,175.0,"October 23, 1979",Temple
Adrian Griffin,2000,2008,G-F,6-5,217.0,"July 4, 1974",Seton Hall
Eddie Griffin,2002,2007,F-C,6-10,220.0,"May 30, 1982",Seton Hall
Taylor Griffin,2010,2010,F,6-7,238.0,"April 18, 1986",Oklahoma
Anthony Grundy,2006,2006,G,6-3,180.0,"April 15, 1979",NC State
Marko Gudurić,2020,2020,G,6-6,201.0,"March 8, 1995",
Jorge Gutiérrez,2014,2016,G,6-3,191.0,"December 27, 1988",California
Kyle Guy,2020,2022,G,6-1,167.0,"August 11, 1997",Virginia
A.J. Guyton,2001,2003,G,6-1,180.0,"February 12, 1978",Indiana
Hamed Haddadi,2009,2013,C,7-2,254.0,"May 19, 1985",
Malik Hairston,2009,2010,G,6-6,220.0,"February 23, 1987",Oregon
P.J. Hairston,2015,2016,G-F,6-6,230.0,"December 24, 1992",UNC
Marcus Haislip,2003,2010,F,6-10,230.0,"December 22, 1980",Tennessee
Devon Hall,2020,2020,G,6-2,215.0,"July 7, 1995",Virginia
Donta Hall,2020,2021,F,6-9,232.0,"August 7, 1997",Alabama
Josh Hall,2021,2021,F,6-9,190.0,"October 8, 2000",
Mike Hall,2007,2007,F,6-8,230.0,"June 5, 1984",George Washington
Tyler Hall,2022,2022,G,6-5,209.0,"March 25, 1997",Montana State
Daniel Hamilton,2018,2019,G-F,6-7,195.0,"August 8, 1995",UConn
Jordan Hamilton,2012,2016,G-F,6-7,220.0,"October 6, 1990",Texas
Justin Hamilton,2014,2017,C,7-0,260.0,"April 1, 1990","Iowa State, LSU"
Richard Hamilton,2000,2013,G-F,6-6,185.0,"February 14, 1978",UConn
Tang Hamilton,2002,2002,F,6-8,220.0,"May 26, 1978",Mississippi State
Zendon Hamilton,2001,2006,C-F,6-11,250.0,"April 27, 1975",St. John's
A.J. Hammons,2017,2017,C,7-0,260.0,"August 27, 1992",Purdue
Ben Handlogten,2004,2005,C,6-10,240.0,"November 16, 1973",Western Michigan
Dusty Hannahs,2019,2020,G,6-3,210.0,"September 2, 1993","Texas Tech, Arkansas"
Ben Hansbrough,2013,2013,G,6-3,203.0,"December 23, 1987","Mississippi State, Notre Dame"
Tyler Hansbrough,2010,2016,F,6-9,250.0,"November 3, 1985",UNC
Travis Hansen,2004,2004,G,6-6,205.0,"April 15, 1978","Utah Valley, BYU"
Luke Harangody,2011,2012,F,6-8,246.0,"January 2, 1988",Notre Dame
Maurice Harkless,2013,2022,F-G,6-7,220.0,"May 11, 1993",St. John's
Jared Harper,2020,2022,G,5-10,175.0,"September 14, 1997",Auburn
Justin Harper,2012,2017,F,6-10,225.0,"August 30, 1989",Richmond
Josh Harrellson,2012,2014,C,6-10,275.0,"February 12, 1989",Kentucky
Adam Harrington,2003,2003,G,6-5,200.0,"July 5, 1980","NC State, Auburn"
Junior Harrington,2003,2007,G,6-4,180.0,"October 2, 1980",Wingate University
Devin Harris,2005,2019,G,6-3,185.0,"February 27, 1983",Wisconsin
Elias Harris,2014,2014,F,6-8,239.0,"July 6, 1989",Gonzaga
Jalen Harris,2021,2021,G,6-5,195.0,"August 14, 1998","Nevada, Louisiana Tech"
Manny Harris,2011,2017,G,6-5,185.0,"September 21, 1989",Michigan
Mike Harris,2008,2014,F,6-6,240.0,"June 15, 1983",Rice University
Terrel Harris,2012,2013,G,6-5,190.0,"August 10, 1987",Oklahoma State
Aaron Harrison,2016,2018,G,6-6,210.0,"October 28, 1994",Kentucky
Andrew Harrison,2017,2019,G,6-6,213.0,"October 28, 1994",Kentucky
David Harrison,2005,2008,C,7-0,280.0,"August 15, 1982",Colorado
Jason Hart,2001,2010,G,6-3,185.0,"April 29, 1978",Syracuse
Donnell Harvey,2001,2005,F,6-8,220.0,"August 26, 1980",Florida
Trenton Hassell,2002,2010,G,6-5,200.0,"March 4, 1979",Austin Peay State University
Kirk Haston,2002,2003,F,6-9,242.0,"March 10, 1979",Indiana
Spencer Hawes,2008,2017,C-F,7-1,245.0,"April 28, 1988",Washington
Juaquin Hawkins,2003,2003,G-F,6-7,220.0,"July 2, 1973",Cal State Long Beach
Chuck Hayes,2006,2016,F-C,6-6,240.0,"June 11, 1983",Kentucky
Jarvis Hayes,2004,2010,F,6-7,220.0,"August 9, 1981","Western Carolina University, Georgia"
Nigel Hayes,2018,2018,F,6-8,254.0,"December 16, 1994",Wisconsin
Lazar Hayward,2011,2013,F,6-6,225.0,"November 26, 1986",Marquette
Brendan Haywood,2002,2015,C,7-0,268.0,"November 27, 1979",UNC
Luther Head,2006,2011,G,6-3,185.0,"November 26, 1982",Illinois
Reggie Hearn,2018,2018,G,6-5,210.0,"August 14, 1991",Northwestern
Gerald Henderson,2010,2017,G,6-5,215.0,"December 9, 1987",Duke
Aaron Henry,2022,2022,F,6-6,210.0,"August 30, 1999",Michigan State
Myke Henry,2018,2018,F,6-6,210.0,"December 23, 1992",DePaul
Xavier Henry,2011,2015,G,6-6,220.0,"March 15, 1991",Kansas
John Henson,2013,2020,C-F,6-9,219.0,"December 28, 1990",UNC
Dewan Hernandez,2020,2020,F,6-10,235.0,"December 9, 1996",Miami (FL)
Chris Herren,2000,2001,G,6-2,197.0,"September 27, 1975","Boston College, Fresno State"
Walter Herrmann,2007,2009,F,6-9,225.0,"June 26, 1979",
Kevin Hervey,2020,2020,F,6-9,230.0,"July 9, 1996",UT Arlington
Mario Hezonja,2016,2020,F-G,6-8,220.0,"February 25, 1995",
Roy Hibbert,2009,2017,C,7-2,270.0,"December 11, 1986",Georgetown
Isaiah Hicks,2018,2019,F,6-9,230.0,"July 24, 1994",UNC
J.J. Hickson,2009,2016,F-C,6-9,242.0,"September 4, 1988",NC State
Cory Higgins,2012,2013,G,6-5,180.0,"June 14, 1989",Colorado
Nenê,2003,2019,F-C,6-11,250.0,"September 13, 1982",
Jordan Hill,2010,2017,C-F,6-10,235.0,"July 27, 1987",Arizona
Solomon Hill,2014,2022,F,6-6,226.0,"March 18, 1991",Arizona
Steven Hill,2009,2009,C,7-0,248.0,"November 14, 1985",Arkansas
Darrun Hilliard,2016,2018,G,6-6,205.0,"April 13, 1993",Villanova
Kirk Hinrich,2004,2016,G,6-4,190.0,"January 2, 1981",Kansas
Robert Hite,2007,2007,G,6-2,184.0,"January 12, 1984",Miami (FL)
Jaylen Hoard,2020,2022,F,6-8,216.0,"March 30, 1999",Wake Forest
Darington Hobson,2012,2012,G,6-7,210.0,"September 29, 1987",New Mexico
Julius Hodge,2006,2007,G,6-7,210.0,"November 18, 1983",NC State
Randy Holcomb,2006,2006,F,6-9,225.0,"August 8, 1979","Fresno State, San Diego State"
John Holland,2018,2019,G-F,6-5,205.0,"November 6, 1988",Boston University
Ryan Hollins,2007,2016,C,7-0,240.0,"October 10, 1984",UCLA
Rondae Hollis-Jefferson,2016,2021,F,6-6,217.0,"January 3, 1995",Arizona
Tyler Honeycutt,2012,2013,F,6-8,188.0,"July 15, 1990",UCLA
Derek Hood,2000,2000,F,6-8,222.0,"December 22, 1976",Arkansas
Rodney Hood,2015,2022,G-F,6-8,208.0,"October 20, 1992","Mississippi State, Duke"
Scotty Hopson,2014,2022,G,6-7,204.0,"August 8, 1989",Tennessee
Dennis Horner,2012,2012,F,6-9,230.0,"February 5, 1988",NC State
Eddie House,2001,2011,G,6-1,180.0,"May 14, 1978",Arizona State
Dwight Howard,2005,2022,C,6-10,265.0,"December 8, 1985",
Josh Howard,2004,2013,F-G,6-7,210.0,"April 28, 1980",Wake Forest
Markus Howard,2021,2022,G,5-10,175.0,"March 3, 1999",Marquette
William Howard,2020,2020,F,6-8,207.0,"October 25, 1993",
Lester Hudson,2010,2015,G,6-3,190.0,"August 7, 1984",University of Tennessee at Martin
Marcelo Huertas,2016,2017,G,6-3,200.0,"May 25, 1983",
Josh Huestis,2016,2018,F,6-7,230.0,"December 19, 1991",Stanford
Nate Huffman,2003,2003,C,7-1,245.0,"April 2, 1975",Central Michigan University
Elijah Hughes,2021,2022,F,6-5,215.0,"March 10, 1998","Syracuse, East Carolina University"
Rick Hughes,2000,2000,F,6-9,235.0,"August 22, 1973",Thomas More College
Robbie Hummel,2014,2015,F,6-8,215.0,"March 8, 1989",Purdue
Ryan Humphrey,2003,2005,F,6-8,235.0,"July 24, 1979","Oklahoma, Notre Dame"
Isaac Humphries,2019,2019,C,7-0,255.0,"January 5, 1998",Kentucky
Kris Humphries,2005,2017,F-C,6-9,235.0,"February 6, 1985",Minnesota
Feron Hunt,2022,2022,F,6-8,195.0,"July 5, 1999",SMU
Brandon Hunter,2004,2005,F,6-7,260.0,"November 24, 1980",Ohio University
Chris Hunter,2010,2010,F,6-11,240.0,"July 7, 1984",Michigan
Othello Hunter,2009,2010,F,6-8,225.0,"May 28, 1986",Ohio State
R.J. Hunter,2016,2019,G,6-5,185.0,"October 24, 1993",Georgia State University
Steven Hunter,2002,2010,C,7-0,220.0,"October 31, 1981",DePaul
Vince Hunter,2018,2018,F,6-8,208.0,"August 5, 1994",Texas-El Paso
Chandler Hutchison,2019,2022,G,6-6,210.0,"April 26, 1996",Boise State
Mile Ilić,2007,2007,C,7-1,230.0,"June 2, 1984",
D.J. Mbenga,2005,2011,C,7-0,245.0,"December 30, 1980",
Ersan İlyasova,2007,2021,F,6-9,235.0,"May 15, 1987",
Damien Inglis,2016,2016,F,6-8,246.0,"May 20, 1995",
Andre Ingram,2018,2019,G,6-3,190.0,"November 19, 1985",American University
Royal Ivey,2005,2014,G,6-3,200.0,"December 20, 1981",Texas
Wes Iwundu,2018,2022,F,6-6,195.0,"December 20, 1994",Kansas State
Jarrett Jack,2006,2018,G,6-3,200.0,"October 28, 1983",Georgia Tech
Aaron Jackson,2018,2018,G,6-4,185.0,"May 6, 1986",Duquesne
Cedric Jackson,2010,2010,G,6-3,191.0,"March 5, 1986","St. John's, Cleveland State University"
Darnell Jackson,2009,2011,F,6-9,253.0,"November 7, 1985",Kansas
Demetrius Jackson,2017,2019,G,6-1,201.0,"September 7, 1994",Notre Dame
Jermaine Jackson,2000,2006,G,6-4,204.0,"June 7, 1976",Detroit Mercy
Josh Jackson,2018,2022,F-G,6-8,207.0,"February 10, 1997",Kansas
Luke Jackson,2005,2008,F,6-7,215.0,"November 6, 1981",Oregon
Marc Jackson,2001,2007,C,6-10,270.0,"January 16, 1975","VCU, Temple"
Pierre Jackson,2017,2017,G,5-10,180.0,"August 29, 1991",Baylor
Stephen Jackson,2001,2014,F-G,6-8,218.0,"April 5, 1978",Butler County Community College
Casey Jacobsen,2003,2008,G-F,6-6,215.0,"March 19, 1981",Stanford
Bernard James,2013,2015,C,6-10,240.0,"February 7, 1985",Florida State
Damion James,2011,2014,G-F,6-7,225.0,"October 7, 1987",Texas
Justin James,2020,2021,G,6-7,190.0,"January 24, 1997",Wyoming
Mike James,2002,2014,G,6-2,188.0,"June 23, 1975",Duquesne
Mike James,2018,2021,G,6-1,189.0,"August 18, 1990",Lamar
Tim James,2000,2002,F,6-7,212.0,"December 26, 1976",Miami (FL)
Harold Jamison,2000,2002,F,6-8,260.0,"November 20, 1976",Clemson
Marko Jarić,2003,2009,G,6-7,198.0,"October 12, 1978",
DeJon Jarreau,2022,2022,G,6-5,185.0,"January 23, 1998","UMass, Houston"
Šarūnas Jasikevičius,2006,2007,G,6-4,195.0,"March 5, 1976",Maryland
Nathan Jawai,2009,2010,C-F,6-10,280.0,"October 10, 1986",Midland College
Chris Jefferies,2003,2004,G-F,6-8,225.0,"February 13, 1980","Arkansas, Fresno State"
Othyus Jeffers,2010,2014,G,6-5,200.0,"August 5, 1985","University of Illinois at Chicago, Robert Morris University (IL)"
Al Jefferson,2005,2018,C-F,6-10,289.0,"January 4, 1985",
Amile Jefferson,2019,2020,F,6-9,222.0,"May 7, 1993",Duke
Cory Jefferson,2015,2016,F,6-9,218.0,"December 26, 1990",Baylor
Dontell Jefferson,2009,2009,G,6-5,195.0,"December 15, 1983",Arkansas
Richard Jefferson,2002,2018,F,6-7,233.0,"June 21, 1980",Arizona
Jared Jeffries,2003,2013,F,6-11,230.0,"November 25, 1981",Indiana
Charles Jenkins,2012,2013,G,6-3,220.0,"February 28, 1989",Hofstra
Horace Jenkins,2005,2005,G,6-1,180.0,"October 14, 1974",William Paterson University
John Jenkins,2013,2019,G,6-4,215.0,"March 6, 1991",Vanderbilt
Brandon Jennings,2010,2018,G,6-1,170.0,"September 23, 1989",
Jonas Jerebko,2010,2019,F,6-10,231.0,"March 2, 1987",
Grant Jerrett,2015,2015,F,6-10,235.0,"July 8, 1993",Arizona
Eugene Jeter,2011,2011,G,5-11,175.0,"December 2, 1983",University of Portland
Yi Jianlian,2008,2012,F,7-0,240.0,"October 27, 1987",
Britton Johnsen,2004,2005,F,6-10,210.0,"July 8, 1979",Utah
Alexander Johnson,2007,2008,F,6-9,240.0,"February 8, 1983",Florida State
Amir Johnson,2006,2019,F-C,6-9,240.0,"May 1, 1987",
Armon Johnson,2011,2012,G,6-3,195.0,"February 23, 1989",Nevada
B.J. Johnson,2019,2022,G,6-7,200.0,"December 21, 1995","Syracuse, La Salle"
Brice Johnson,2017,2018,F,6-10,230.0,"June 27, 1994",UNC
Carldell Johnson,2012,2012,G,5-10,180.0,"January 28, 1983",UAB
Chris Johnson,2011,2013,C,6-11,210.0,"July 15, 1985",LSU
Chris Johnson,2013,2016,F-G,6-6,206.0,"April 29, 1990",Dayton
Dakari Johnson,2018,2018,C,7-0,255.0,"September 22, 1995",Kentucky
David Johnson,2022,2022,G,6-5,210.0,"February 26, 2001",Louisville
DeMarco Johnson,2000,2000,F,6-9,245.0,"October 6, 1975",UNC Charlotte
DerMarr Johnson,2001,2008,F,6-9,201.0,"May 5, 1980",Cincinnati
Ivan Johnson,2012,2013,F,6-8,230.0,"April 10, 1984","Oregon, Cal State San Bernardino"
JaJuan Johnson,2012,2012,F,6-10,221.0,"February 8, 1989",Purdue
Joe Johnson,2002,2022,G-F,6-7,240.0,"June 29, 1981",Arkansas
Ken Johnson,2003,2003,F-C,6-11,240.0,"February 1, 1978",Ohio State
Linton Johnson,2004,2009,F,6-8,205.0,"June 13, 1980",Tulane
Nick Johnson,2015,2015,G,6-3,202.0,"December 22, 1992",Arizona
Omari Johnson,2018,2018,F,6-9,220.0,"November 26, 1989",Oregon State
Orlando Johnson,2013,2016,G,6-5,220.0,"March 11, 1989","Loyola Marymount, UC Santa Barbara"
Trey Johnson,2009,2012,G,6-5,218.0,"August 30, 1984","Alcorn State, Jackson State University"
Tyler Johnson,2015,2022,G,6-3,186.0,"May 7, 1992",Fresno State
Wesley Johnson,2011,2019,F-G,6-7,215.0,"July 11, 1987","Iowa State, Syracuse"
Darius Johnson-Odom,2013,2014,G,6-2,215.0,"September 28, 1989",Marquette
Alvin Jones,2002,2002,C,6-11,265.0,"September 9, 1978",Georgia Tech
Bobby Jones,2007,2008,F,6-7,215.0,"January 9, 1984",Washington
Dahntay Jones,2004,2017,G-F,6-6,225.0,"December 27, 1980","Rutgers University, Duke"
DeQuan Jones,2013,2013,F,6-8,221.0,"June 20, 1990",Miami (FL)
Dominique Jones,2011,2013,G,6-4,215.0,"October 15, 1988",South Florida
Dwayne Jones,2006,2010,F-C,6-11,250.0,"June 9, 1983",Saint Joseph's
Fred Jones,2003,2009,G-F,6-4,210.0,"March 11, 1979",Oregon
Jalen Jones,2018,2019,G,6-7,220.0,"May 27, 1993",Texas A&M
James Jones,2004,2017,F-G,6-8,218.0,"October 4, 1980",Miami (FL)
Jemerrio Jones,2019,2022,F,6-5,174.0,"April 9, 1995","Hill College, New Mexico State"
Jumaine Jones,2000,2007,F,6-8,218.0,"February 10, 1979",Georgia
Kevin Jones,2013,2013,F,6-8,251.0,"August 25, 1989",West Virginia
Mark Jones,2005,2005,G,6-6,215.0,"May 25, 1975","Minnesota, Central Florida"
Perry Jones,2013,2015,F,6-11,235.0,"September 24, 1991",Baylor
Solomon Jones,2007,2014,F,6-10,230.0,"July 16, 1984",South Florida
Terrence Jones,2013,2019,F,6-9,252.0,"January 9, 1992",Kentucky
Jerome Jordan,2012,2015,C,7-0,253.0,"September 29, 1986",Tulsa
Garth Joseph,2001,2001,C,7-2,315.0,"August 8, 1973",College of Saint Rose
Kris Joseph,2013,2013,F,6-7,210.0,"December 17, 1988",Syracuse
Georgios Kalaitzakis,2022,2022,G-F,6-8,192.0,"January 2, 1999",
Chris Kaman,2004,2016,C,7-0,265.0,"April 28, 1982",Central Michigan University
Jason Kapono,2004,2012,F,6-8,213.0,"February 4, 1981",UCLA
Sergey Karasev,2014,2016,G-F,6-7,208.0,"October 26, 1993",
Coby Karl,2008,2010,G,6-5,215.0,"March 6, 1983",Boise State
Mario Kasun,2005,2006,C,7-1,260.0,"April 5, 1980",
Sasha Kaun,2016,2016,C,6-11,260.0,"May 8, 1985",Kansas
Ryan Kelly,2014,2017,F,6-11,230.0,"April 9, 1991",Duke
D.J. Kennedy,2012,2012,F,6-6,215.0,"November 5, 1989",St. John's
Lari Ketner,2000,2001,F-C,6-9,277.0,"February 1, 1977",UMass
Viktor Khryapa,2005,2008,F,6-9,210.0,"August 3, 1982",
Stanton Kidd,2020,2020,F,6-6,215.0,"March 18, 1992","South Plains College, NC Central, Colorado State"
Michael Kidd-Gilchrist,2013,2020,F,6-6,232.0,"September 26, 1993",Kentucky
Sean Kilpatrick,2015,2018,G,6-4,210.0,"January 6, 1990",Cincinnati
George King,2019,2022,G-F,6-6,225.0,"January 15, 1994",Colorado
Tarence Kinsey,2007,2009,G,6-6,185.0,"March 21, 1984",South Carolina
Andrei Kirilenko,2002,2015,F,6-9,220.0,"February 18, 1981",
Alex Kirk,2015,2015,C,7-0,245.0,"November 14, 1991",New Mexico
Linas Kleiza,2006,2013,F,6-8,245.0,"January 3, 1985",Missouri
Brandin Knight,2005,2005,G,6-0,180.0,"December 16, 1981",Pitt
Brandon Knight,2012,2022,G,6-2,182.0,"December 2, 1991",Kentucky
Yaroslav Korolev,2006,2007,F,6-9,203.0,"May 7, 1987",
Kyle Korver,2004,2020,G-F,6-7,212.0,"March 17, 1981",Creighton
Kosta Koufos,2009,2019,C,7-0,245.0,"February 24, 1989",Ohio State
Viacheslav Kravtsov,2013,2014,C,7-0,260.0,"August 25, 1987",
Nenad Krstić,2005,2011,C,7-0,240.0,"July 25, 1983",
Arnoldas Kulboka,2022,2022,F,6-9,198.0,"January 4, 1998",
Rodions Kurucs,2019,2021,F,6-9,228.0,"February 5, 1998",
Rob Kurz,2009,2009,F,6-9,232.0,"March 5, 1985",Notre Dame
Ibo Kutluay,2005,2005,G,6-6,200.0,"July 1, 1974",
Ognjen Kuzmić,2014,2015,C,7-1,251.0,"May 16, 1990",
Mindaugas Kuzminskas,2017,2018,F,6-9,215.0,"October 19, 1989",
Skal Labissière,2017,2020,F,6-10,235.0,"March 18, 1996",Kentucky
Oliver Lafayette,2010,2010,G,6-2,190.0,"May 6, 1984",Houston
Doron Lamb,2013,2014,G,6-4,210.0,"November 6, 1991",Kentucky
Jeremy Lamb,2013,2022,G-F,6-5,180.0,"May 30, 1992",UConn
Maciej Lampe,2004,2006,C,6-11,275.0,"February 5, 1985",
Sean Lampley,2003,2004,F,6-7,227.0,"September 3, 1979",California
Carl Landry,2008,2016,F,6-9,248.0,"September 19, 1983","Vincennes University, Purdue"
Marcus Landry,2010,2010,F,6-7,230.0,"November 1, 1985",Wisconsin
James Lang,2007,2007,C,6-10,285.0,"October 17, 1983",
Trajan Langdon,2000,2002,G,6-3,197.0,"May 13, 1976",Duke
Keith Langford,2008,2008,G,6-4,215.0,"September 15, 1983",Kansas
Dan Langhi,2001,2004,F,6-11,220.0,"November 28, 1977",Vanderbilt
Nicolás Laprovíttola,2017,2017,G,6-4,180.0,"January 31, 1990",
Shane Larkin,2014,2018,G,5-11,175.0,"October 2, 1992",Miami (FL)
Stéphane Lasme,2008,2008,F,6-8,215.0,"December 17, 1982",UMass
Joffrey Lauvergne,2015,2018,C-F,6-11,220.0,"September 30, 1991",
Acie Law,2008,2011,G,6-3,195.0,"January 25, 1985",Texas A&M
Vic Law,2020,2020,F,6-7,200.0,"December 19, 1995",Northwestern
Gani Lawal,2011,2011,F,6-9,234.0,"November 7, 1988",Georgia Tech
Ty Lawson,2010,2017,G,5-11,195.0,"November 3, 1987",UNC
Jake Layman,2017,2022,F,6-8,209.0,"March 7, 1994",Maryland
T.J. Leaf,2018,2021,F,6-10,222.0,"April 30, 1997",UCLA
Jalen Lecque,2020,2021,G,6-4,185.0,"June 13, 2000",
Ricky Ledo,2014,2015,G,6-7,195.0,"September 10, 1992",
Courtney Lee,2009,2020,G,6-5,215.0,"October 3, 1985",Western Kentucky
David Lee,2006,2017,F-C,6-9,245.0,"April 29, 1983",Florida
Malcolm Lee,2012,2015,G,6-5,200.0,"May 22, 1990",UCLA
Walt Lemon Jr.,2018,2019,G,6-3,180.0,"July 26, 1992",Bradley
Travis Leslie,2012,2012,G,6-4,205.0,"March 29, 1990",Georgia
Jon Leuer,2012,2019,F,6-10,228.0,"May 14, 1989",Wisconsin
Quincy Lewis,2000,2004,F,6-7,215.0,"June 26, 1977",Minnesota
Scottie Lewis,2022,2022,G,6-5,189.0,"March 12, 2000",Florida
DeAndre Liggins,2012,2018,G,6-6,209.0,"March 31, 1988",Kentucky
Jeremy Lin,2011,2019,G,6-3,200.0,"August 23, 1988",Harvard University
Shaun Livingston,2005,2019,G,6-7,192.0,"September 11, 1985",
Zach Lofton,2019,2019,G,6-4,180.0,"November 18, 1992","Illinois State, Texas Southern, New Mexico State"
Art Long,2001,2003,F-C,6-9,250.0,"October 1, 1972",Cincinnati
Shawn Long,2017,2017,C-F,6-9,255.0,"January 29, 1993",Louisiana
Raül López,2004,2005,G,6-1,170.0,"April 15, 1980",
Didi Louzada,2021,2022,G,6-5,188.0,"February 7, 1999",
Jordan Loyd,2019,2019,G,6-4,210.0,"July 27, 1993","Furman University, University of Indianapolis"
Kalin Lucas,2015,2019,G,6-1,195.0,"May 24, 1989",Michigan State
John Lucas III,2006,2017,G,5-11,166.0,"November 21, 1982","Baylor, Oklahoma State"
Gabriel Lundberg,2022,2022,G,6-4,203.0,"December 4, 1994",
Timothé Luwawu-Cabarrot,2017,2022,F,6-7,220.0,"May 9, 1995",
Tyler Lydon,2018,2019,F,6-10,225.0,"April 9, 1996",Syracuse
Sheldon Mac,2017,2017,G,6-5,200.0,"December 21, 1992","Texas, Miami (FL)"
Todd MacCulloch,2000,2003,C,7-0,280.0,"January 27, 1976",Washington
Scott Machado,2013,2019,G,6-1,205.0,"June 8, 1990",Iona College
Arvydas Macijauskas,2006,2006,G,6-4,214.0,"January 19, 1980",
Shelvin Mack,2012,2019,G,6-3,203.0,"April 22, 1990",Butler
Vernon Macklin,2012,2012,F,6-10,227.0,"September 20, 1986","Georgetown, Florida"
Daryl Macon,2019,2020,G,6-2,185.0,"November 29, 1995",Arkansas
J.P. Macura,2019,2020,G,6-5,203.0,"June 5, 1995",Xavier
Tito Maddox,2003,2003,G,6-4,190.0,"June 7, 1981",Fresno State
Mark Madsen,2001,2009,F-C,6-9,240.0,"January 28, 1976",Stanford
Josh Magette,2018,2020,G,6-1,160.0,"November 28, 1989",Alabama-Huntsville
Corey Maggette,2000,2013,F,6-6,218.0,"November 12, 1979",Duke
Jamaal Magloire,2001,2012,C,6-11,259.0,"May 21, 1978",Kentucky
Will Magnay,2021,2021,C,6-10,234.0,"June 10, 1998",Tulsa
Ian Mahinmi,2008,2020,C,6-11,262.0,"November 5, 1986",
Renaldo Major,2007,2007,F,6-7,200.0,"May 7, 1982","South Plains College, Fresno State"
Thon Maker,2017,2021,F-C,7-0,221.0,"February 25, 1997",
Karim Mané,2021,2021,G,6-3,190.0,"May 16, 2000",Vanier College
Nico Mannion,2021,2021,G,6-2,190.0,"March 14, 2001",Arizona
Devyn Marble,2015,2016,G-F,6-6,200.0,"September 21, 1992",Iowa
Shawn Marion,2000,2015,F,6-7,220.0,"May 7, 1978","Vincennes University, UNLV"
Damir Markota,2007,2007,C,6-10,225.0,"December 26, 1985",
Kendall Marshall,2013,2016,G,6-4,200.0,"August 19, 1991",UNC
Rawle Marshall,2006,2007,G-F,6-9,190.0,"February 20, 1982","Ball State University, Oakland"
Cartier Martin,2009,2015,F,6-7,220.0,"November 20, 1984",Kansas State
Jarell Martin,2016,2019,F,6-10,239.0,"May 24, 1994",LSU
Jeremiah Martin,2020,2021,G,6-3,185.0,"June 19, 1996",Memphis
Kelan Martin,2020,2022,F,6-5,230.0,"August 3, 1995",Butler
Kenyon Martin,2001,2015,F,6-9,234.0,"December 30, 1977",Cincinnati
Kevin Martin,2005,2016,G,6-7,199.0,"February 1, 1983",Western Carolina University
Desmond Mason,2001,2010,F,6-7,224.0,"October 11, 1977",Oklahoma State
Frank Mason III,2018,2021,G,5-11,190.0,"April 3, 1994",Kansas
Roger Mason,2003,2014,G,6-5,200.0,"September 10, 1980",Virginia
Yante Maten,2019,2019,F,6-8,240.0,"August 14, 1996",Georgia
Mangok Mathiang,2018,2018,C-F,6-10,230.0,"October 8, 1992",Louisville
Dakota Mathias,2021,2022,G,6-4,200.0,"July 11, 1995",Purdue
Jason Maxiell,2006,2015,F-C,6-7,260.0,"February 18, 1983",Cincinnati
Sean May,2006,2010,F-C,6-9,266.0,"April 4, 1984",UNC
Eric Maynor,2010,2014,G,6-3,175.0,"June 11, 1987",VCU
O.J. Mayo,2009,2016,G,6-5,210.0,"November 5, 1987",USC
Luc Mbah a Moute,2009,2020,F,6-8,230.0,"September 9, 1986",UCLA
James Michael McAdoo,2015,2018,F,6-9,230.0,"January 4, 1993",UNC
Tahjere McCall,2019,2019,G,6-5,195.0,"August 17, 1994",Tennessee State
Ray McCallum,2014,2016,G,6-3,190.0,"June 12, 1991",Detroit Mercy
Rashad McCants,2006,2009,G,6-4,207.0,"September 25, 1984",UNC
Patrick McCaw,2017,2021,G,6-7,181.0,"October 25, 1995",UNLV
Dan McClintock,2001,2001,C,7-0,270.0,"April 19, 1977",Northern Arizona University
Chris McCray,2007,2007,G,6-5,192.0,"May 27, 1984",Maryland
Erik McCree,2018,2018,F,6-7,219.0,"December 20, 1993",Louisiana Tech
Chris McCullough,2016,2018,F,6-11,200.0,"February 5, 1995",Syracuse
K.J. McDaniels,2015,2017,G-F,6-6,205.0,"February 9, 1993",Clemson
Sean McDermott,2021,2021,F,6-6,195.0,"November 3, 1996",Butler
Ivan McFarlin,2007,2007,F,6-8,240.0,"April 26, 1982",Oklahoma State
Mitch McGary,2015,2016,F-C,6-10,255.0,"June 6, 1992",Michigan
Cameron McGriff,2022,2022,F,6-7,230.0,"September 30, 1997",Oklahoma State
Dominic McGuire,2008,2013,F,6-9,220.0,"October 20, 1985","California, Fresno State"
Trey McKinney-Jones,2018,2018,G,6-5,214.0,"August 27, 1990","Missouri-Kansas City, Miami (FL)"
Alfonzo McKinnie,2018,2022,F,6-7,215.0,"September 17, 1992",Green Bay
JaQuori McLaughlin,2022,2022,G,6-4,190.0,"January 29, 1998","Oregon State, UC Santa Barbara"
Ben McLemore,2014,2022,G,6-3,195.0,"February 11, 1993",Kansas
Keith McLeod,2004,2007,G,6-2,188.0,"November 5, 1979",Bowling Green
Jerel McNeal,2015,2015,G,6-3,200.0,"June 1, 1987",Marquette
Paul McPherson,2001,2001,G,6-4,210.0,"July 3, 1978",DePaul
Jordan McRae,2016,2020,G,6-5,179.0,"March 28, 1991",Tennessee
Josh McRoberts,2008,2018,F-C,6-10,240.0,"February 28, 1987",Duke
Stanislav Medvedenko,2001,2007,F,6-10,250.0,"April 4, 1979",
Jodie Meeks,2010,2019,G,6-4,210.0,"August 21, 1987",Kentucky
Salah Mejri,2016,2019,C,7-2,235.0,"June 15, 1986",
Gal Mekel,2014,2015,G,6-3,191.0,"March 4, 1988",Wichita State
Nicolò Melli,2020,2021,F,6-9,236.0,"January 26, 1991",
Fab Melo,2013,2013,C,7-0,255.0,"June 20, 1990",Syracuse
Pops Mensah-Bonsu,2007,2011,F,6-9,240.0,"September 7, 1983",George Washington
Jordan Mickey,2016,2018,F,6-8,235.0,"July 9, 1994",LSU
Chris Mihm,2001,2009,C-F,7-0,265.0,"July 16, 1979",Texas
Eric Mika,2020,2020,C,6-10,230.0,"January 5, 1995",BYU
Aaron Miles,2006,2006,G,6-1,175.0,"April 13, 1983",Kansas
C.J. Miles,2006,2022,G-F,6-6,220.0,"March 18, 1987",
Darius Miles,2001,2009,F,6-9,210.0,"October 9, 1981",
Darko Miličić,2004,2013,F-C,7-0,250.0,"June 20, 1985",
Andre Miller,2000,2016,G,6-3,200.0,"March 19, 1976",Utah
Darius Miller,2013,2021,F,6-6,225.0,"March 21, 1990",Kentucky
Malcolm Miller,2018,2020,F,6-7,210.0,"March 6, 1993",Holy Cross
Mike Miller,2001,2017,F-G,6-8,218.0,"February 19, 1980",Florida
Quincy Miller,2013,2015,F,6-9,210.0,"November 18, 1992",Baylor
Elijah Millsap,2015,2017,G-F,6-6,225.0,"August 12, 1987","Louisiana, UAB"
Paul Millsap,2007,2022,F,6-7,257.0,"February 10, 1985",Louisiana Tech
Yao Ming*,2003,2011,C,7-6,310.0,"September 12, 1980",
Nikola Mirotić,2015,2019,F,6-10,250.0,"February 11, 1991",
Jason Miskiri,2000,2000,G,6-2,175.0,"August 19, 1975",George Mason
Tony Mitchell,2014,2014,F,6-6,216.0,"August 7, 1989",Alabama
Tony Mitchell,2014,2014,F,6-8,235.0,"April 7, 1992",University of North Texas
Naz Mitrou-Long,2018,2020,G,6-3,218.0,"August 3, 1993",Iowa State
Jérôme Moïso,2001,2005,F-C,6-10,235.0,"June 15, 1978",UCLA
Adam Mokoka,2020,2021,G,6-4,190.0,"July 18, 1998",
Sergei Monia,2006,2006,F,6-8,220.0,"April 15, 1983",
Greg Monroe,2011,2022,C-F,6-11,265.0,"June 4, 1990",Georgetown
Luis Montero,2016,2018,G,6-7,185.0,"April 6, 1993",Westchester CC
Jamario Moon,2008,2012,F,6-8,205.0,"June 13, 1980",Meridian Community College
Matt Mooney,2020,2022,G,6-3,199.0,"February 7, 1996","Air Force, South Dakota, Texas Tech"
Ben Moore,2018,2018,F,6-8,220.0,"May 13, 1995",SMU
E'Twaun Moore,2012,2021,G-F,6-3,191.0,"February 25, 1989",Purdue
Eric Moreland,2015,2019,F-C,6-10,238.0,"December 24, 1991",Oregon State
Juwan Morgan,2020,2022,F,6-7,232.0,"April 17, 1997",Indiana
Darius Morris,2012,2015,G,6-4,190.0,"January 3, 1991",Michigan
Jaylen Morris,2018,2022,G,6-5,185.0,"September 19, 1995",Molloy
Randolph Morris,2007,2010,C,6-10,266.0,"January 2, 1986",Kentucky
Terence Morris,2002,2006,F,6-9,221.0,"January 11, 1979",Maryland
Adam Morrison,2007,2010,F,6-8,205.0,"July 19, 1984",Gonzaga
Anthony Morrow,2009,2017,G,6-5,210.0,"September 27, 1985",Georgia Tech
Donatas Motiejūnas,2013,2019,F-C,7-0,222.0,"September 20, 1990",
Johnathan Motley,2018,2020,F,6-8,230.0,"May 4, 1995",Baylor
Hanno Möttölä,2001,2002,F-C,6-11,247.0,"September 9, 1976",Utah
Arnett Moultrie,2013,2014,F,6-11,249.0,"November 18, 1990","Texas-El Paso, Mississippi State"
Timofey Mozgov,2011,2018,C,7-1,275.0,"July 16, 1986",
Emmanuel Mudiay,2016,2022,G,6-3,200.0,"March 5, 1996",
Shabazz Muhammad,2014,2018,F-G,6-6,223.0,"November 13, 1992",UCLA
Mychal Mulder,2020,2022,G-F,6-3,184.0,"June 12, 1994","Vincennes University, Kentucky"
Byron Mullens,2010,2014,C-F,7-0,275.0,"February 14, 1989",Ohio State
Xavier Munford,2016,2018,G,6-2,180.0,"June 1, 1992",Rhode Island
Ade Murkey,2022,2022,G,6-5,200.0,"January 29, 1998",Denver
Erik Murphy,2014,2014,F,6-10,230.0,"October 26, 1990",Florida
Kevin Murphy,2013,2013,G,6-5,185.0,"March 6, 1990",Tennessee Technological University
Troy Murphy,2002,2013,F-C,6-11,245.0,"May 2, 1980",Notre Dame
Ronald Murray,2003,2010,G,6-4,190.0,"July 29, 1979","Meridian Community College, Shaw"
Toure' Murry,2014,2015,G-F,6-5,195.0,"November 8, 1989",Wichita State
Džanan Musa,2019,2020,G-F,6-9,217.0,"May 8, 1999",
Hamady N'Diaye,2011,2014,C,7-0,235.0,"January 12, 1987",Rutgers University
Mamadou N'Diaye,2001,2005,C,7-0,255.0,"June 16, 1975",Auburn
Boniface N'Dong,2006,2006,C,7-0,198.0,"March 9, 1977",
Boštjan Nachbar,2003,2008,F,6-9,221.0,"July 3, 1980",
Abdel Nader,2018,2022,F,6-5,225.0,"September 25, 1993","Northern Illinois, Iowa State"
Lee Nailon,2001,2006,F,6-9,238.0,"February 22, 1975","Butler County Community College, TCU"
Eduardo Nájera,2001,2012,F,6-8,240.0,"July 11, 1976",Oklahoma
Shabazz Napier,2015,2020,G,6-0,175.0,"July 14, 1991",UConn
Juan Carlos Navarro,2008,2008,G,6-3,170.0,"June 13, 1980",
Maurice Ndour,2017,2017,F,6-9,200.0,"June 18, 1992",Ohio University
Gary Neal,2011,2017,G,6-4,210.0,"October 3, 1984","La Salle, Towson University"
Nemanja Nedović,2014,2014,G,6-3,192.0,"June 16, 1991",
DeMarcus Nelson,2009,2009,G,6-4,200.0,"November 2, 1985",Duke
Jameer Nelson,2005,2018,G,6-0,190.0,"February 9, 1982",Saint Joseph's
RJ Nembhard Jr.,2022,2022,G,6-5,200.0,"March 22, 1999",TCU
Ira Newble,2001,2008,F,6-7,220.0,"January 20, 1975",Miami University
Malik Newman,2020,2022,G,6-3,190.0,"February 21, 1997","Mississippi State, Kansas"
Demetris Nichols,2008,2009,F,6-8,216.0,"September 4, 1984",Syracuse
Andrew Nicholson,2013,2017,F,6-9,250.0,"December 8, 1989",St. Bonaventure
Joakim Noah,2008,2020,C,6-11,230.0,"February 25, 1985",Florida
Andrés Nocioni,2005,2012,F,6-7,225.0,"November 30, 1979",
David Noel,2007,2007,F,6-6,230.0,"February 27, 1984",UNC
Lucas Nogueira,2015,2018,C,7-0,241.0,"July 26, 1992",
Zach Norvell,2020,2020,G,6-5,206.0,"December 9, 1997",Gonzaga
Steve Novak,2007,2017,F,6-10,225.0,"June 13, 1983",Marquette
James Nunnally,2014,2021,F,6-7,208.0,"July 14, 1990",UC Santa Barbara
David Nwaba,2017,2022,G,6-5,219.0,"January 14, 1993",Cal Poly
J.J. O'Brien,2016,2016,F,6-7,228.0,"April 8, 1992",San Diego State
Johnny O'Bryant,2015,2018,F-C,6-9,257.0,"June 1, 1993",LSU
Patrick O'Bryant,2007,2010,C,7-0,260.0,"June 20, 1986",Bradley
Kyle O'Quinn,2013,2020,F-C,6-9,250.0,"March 26, 1990",Norfolk State
Fabricio Oberto,2006,2011,C-F,6-10,245.0,"March 21, 1975",
Daniel Ochefu,2017,2017,C,6-11,245.0,"December 15, 1993",Villanova
Greg Oden,2009,2014,C,7-0,250.0,"January 22, 1988",Ohio State
Lamar Odom,2000,2013,F,6-10,220.0,"November 6, 1979",Rhode Island
Tim Ohlbrecht,2013,2013,C,6-11,255.0,"August 30, 1988",
Semi Ojeleye,2018,2022,F,6-6,240.0,"December 5, 1994","Duke, SMU"
Emeka Okafor,2005,2018,C-F,6-10,252.0,"September 28, 1982",UConn
Jahlil Okafor,2016,2021,C-F,6-10,270.0,"December 15, 1995",Duke
Elie Okobo,2019,2020,G,6-3,190.0,"October 23, 1997",
Mehmet Okur,2003,2012,C-F,6-11,249.0,"May 26, 1979",
Cameron Oliver,2021,2022,F,6-8,239.0,"July 11, 1996",Nevada
Dean Oliver,2002,2003,G,5-11,180.0,"November 5, 1978",Iowa
Miye Oni,2020,2022,G,6-5,206.0,"August 4, 1997",Yale
Arinze Onuaku,2014,2017,C,6-9,255.0,"July 13, 1987",Syracuse
Chinanu Onuaku,2017,2018,F-C,6-10,245.0,"November 1, 1996",Louisville
Daniel Orton,2012,2014,C-F,6-10,255.0,"August 6, 1990",Kentucky
Daniel Oturu,2021,2022,F-C,6-8,240.0,"September 20, 1999",Minnesota
Travis Outlaw,2004,2014,F,6-9,210.0,"September 18, 1984",
Andre Owens,2006,2008,G,6-4,200.0,"October 31, 1980","Indiana, Houston"
Chris Owens,2003,2003,F,6-7,245.0,"March 1, 1979","Tulane, Texas"
Larry Owens,2011,2012,F,6-7,210.0,"January 8, 1983",Oral Roberts
Tariq Owens,2020,2020,F,6-10,205.0,"June 30, 1995","Tennessee, St. John's, Texas Tech"
Olumide Oyedeji,2001,2003,C,6-10,240.0,"May 11, 1981",
Zaza Pachulia,2004,2019,C,6-11,270.0,"February 10, 1984",
Scott Padgett,2000,2007,F,6-9,240.0,"April 19, 1976",Kentucky
Jaysean Paige,2022,2022,G,6-3,205.0,"July 30, 1994","College of Southern Idaho, Moberly Area Community College, West Virginia"
Marcus Paige,2018,2018,G,6-1,175.0,"September 11, 1993",UNC
Milt Palacio,2000,2006,G,6-3,195.0,"February 7, 1978","Midland College, Colorado State"
Trayvon Palmer,2022,2022,G,6-6,200.0,"November 13, 1994","North Dakota State College of Science, Chicago State"
Kevin Pangos,2022,2022,G,6-2,179.0,"January 26, 1993",Gonzaga
Andy Panko,2001,2001,F,6-9,222.0,"November 27, 1977",Lebanon Valley College
Georgios Papagiannis,2017,2018,C,7-1,240.0,"July 3, 1997",
Kostas Papanikolaou,2015,2016,F,6-8,225.0,"July 31, 1990",
Jannero Pargo,2003,2015,G,6-1,175.0,"October 22, 1979",Arkansas
Jeremy Pargo,2012,2020,G,6-2,219.0,"March 17, 1986",Gonzaga
Jabari Parker,2015,2022,F,6-8,245.0,"March 15, 1995",Duke
Smush Parker,2003,2008,G,6-4,190.0,"June 1, 1981",Fordham
Tony Parker*,2002,2019,G,6-2,185.0,"May 17, 1982",
Chandler Parsons,2012,2020,F,6-9,230.0,"October 25, 1988",Florida
Eric Paschall,2020,2022,F,6-6,255.0,"November 4, 1996","Fordham, Villanova"
Anžejs Pasečņiks,2020,2021,C,7-1,229.0,"December 20, 1995",
Lamar Patterson,2016,2017,G-F,6-5,225.0,"August 12, 1991",Pitt
Patrick Patterson,2011,2021,F,6-8,235.0,"March 14, 1989",Kentucky
Justin Patton,2018,2021,C,6-11,241.0,"June 14, 1997",Creighton
Brandon Paul,2018,2018,G,6-4,200.0,"April 30, 1991",Illinois
Sasha Pavlović,2004,2013,G-F,6-8,220.0,"November 15, 1983",
Adreian Payne,2015,2018,F-C,6-10,237.0,"February 19, 1991",Michigan State
Elfrid Payton,2015,2022,G,6-3,195.0,"February 22, 1994",Louisiana
Oleksiy Pecherov,2008,2010,C,7-0,232.0,"December 8, 1985",
Nikola Peković,2011,2016,C,6-11,307.0,"January 3, 1986",
Norvel Pelle,2020,2022,F-C,6-10,231.0,"February 3, 1993",
Mike Penberthy,2001,2002,G,6-3,185.0,"November 29, 1974",Master's College
Desmond Penigar,2004,2004,F,6-7,245.0,"July 16, 1981",Utah State University
Kirk Penney,2004,2005,G,6-5,220.0,"November 23, 1980",Wisconsin
Kendrick Perkins,2004,2018,C,6-10,270.0,"November 10, 1984",
Kosta Perović,2008,2008,C,7-2,240.0,"February 19, 1985",
London Perrantes,2018,2018,G,6-2,200.0,"October 3, 1994",Virginia
Reggie Perry,2021,2022,F-C,6-8,250.0,"March 21, 2000",Mississippi State
Alec Peters,2018,2018,F,6-9,232.0,"April 13, 1995",Valparaiso
Morris Peterson,2001,2011,F,6-7,218.0,"August 26, 1977",Michigan State
Johan Petro,2006,2013,C,7-0,247.0,"January 27, 1986",
Jamorko Pickett,2022,2022,G-F,6-9,206.0,"December 24, 1997",Georgetown
Mickaël Piétrus,2004,2013,G-F,6-6,215.0,"February 7, 1982",
Kevinn Pinkney,2007,2007,F,6-10,245.0,"October 20, 1983",Nevada
Dexter Pittman,2011,2014,C,6-11,308.0,"March 2, 1988",Texas
Zoran Planinić,2004,2006,G,6-7,195.0,"September 12, 1982",
Tibor Pleiß,2016,2016,C,7-3,256.0,"November 2, 1989",
Marshall Plumlee,2017,2018,C,7-0,250.0,"July 14, 1992",Duke
Miles Plumlee,2013,2019,C-F,6-11,249.0,"September 1, 1988",Duke
Pavel Podkolzin,2005,2006,C,7-5,260.0,"January 15, 1985",
Vincent Poirier,2020,2021,C,7-0,235.0,"October 17, 1993",
Quincy Pondexter,2011,2019,G-F,6-7,230.0,"March 10, 1988",Washington
Shamorie Ponds,2020,2020,G,6-0,180.0,"June 29, 1998",St. John's
Yves Pons,2022,2022,F,6-6,215.0,"May 7, 1999",Tennessee
Chris Porter,2001,2001,F,6-7,218.0,"May 9, 1978",Auburn
James Posey,2000,2011,F-G,6-8,215.0,"January 13, 1977",Xavier
Lavor Postell,2001,2003,G,6-5,215.0,"February 26, 1978",St. John's
Leon Powe,2007,2011,F,6-8,240.0,"January 22, 1984",California
Josh Powell,2006,2014,F,6-9,225.0,"January 25, 1983",NC State
Kasib Powell,2008,2008,F,6-7,215.0,"March 18, 1981",Texas Tech
Myles Powell,2022,2022,G,6-2,195.0,"July 7, 1997",Seton Hall
Roger Powell,2007,2007,F,6-6,235.0,"January 15, 1983",Illinois
Alex Poythress,2017,2019,F,6-9,235.0,"September 6, 1993",Kentucky
Phil Pressey,2014,2016,G,5-11,175.0,"February 17, 1991",Missouri
A.J. Price,2010,2015,G,6-2,181.0,"October 7, 1986",UConn
Ronnie Price,2006,2017,G,6-2,190.0,"June 21, 1983","Nicholls State, Utah Valley"
Pablo Prigioni,2013,2016,G,6-3,185.0,"May 17, 1977",
Tayshaun Prince,2003,2016,F,6-9,212.0,"February 28, 1980",Kentucky
Laron Profit,2000,2006,G-F,6-5,204.0,"August 5, 1977",Maryland
Gabe Pruitt,2008,2009,G,6-4,170.0,"April 19, 1986",USC
Joel Przybilla,2001,2013,C,7-1,255.0,"October 10, 1979",Minnesota
Jacob Pullen,2018,2018,G,6-1,200.0,"November 10, 1989",Kansas State
Rodney Purvis,2018,2018,G,6-4,205.0,"February 14, 1994",UConn
Zhou Qi,2018,2019,F-C,7-1,210.0,"January 16, 1996",
Tim Quarterman,2017,2018,G,6-6,195.0,"October 27, 1994",LSU
Chris Quinn,2007,2013,G,6-2,185.0,"September 27, 1983",Notre Dame
Ivan Rabb,2018,2019,F,6-10,220.0,"February 4, 1997",California
Vladimir Radmanović,2002,2013,F,6-10,227.0,"November 19, 1980",
Aleksandar Radojević,2000,2005,C,7-3,250.0,"August 8, 1976",Barton County Community College
Miroslav Raduljica,2014,2015,C,7-0,250.0,"January 5, 1988",
Igor Rakočević,2003,2003,G,6-3,183.0,"March 29, 1978",
Peter John Ramos,2005,2005,C,7-3,275.0,"May 13, 1985",
Chasson Randle,2017,2021,G,6-2,185.0,"February 5, 1993",Stanford
Anthony Randolph,2009,2014,F,6-10,205.0,"July 15, 1989",LSU
Shavlik Randolph,2006,2015,F,6-10,240.0,"November 24, 1983",Duke
Zach Randolph,2002,2018,F-C,6-9,250.0,"July 16, 1981",Michigan State
Xavier Rathan-Mayes,2018,2018,G,6-4,208.0,"April 29, 1994",Florida State
Andy Rautins,2011,2011,G,6-4,190.0,"November 2, 1986",Syracuse
Allan Ray,2007,2007,G,6-2,190.0,"June 17, 1984",Villanova
Josh Reaves,2020,2020,G,6-4,214.0,"June 4, 1997",Penn State
Željko Rebrača,2002,2006,C,7-0,257.0,"April 9, 1972",
Michael Redd,2001,2012,G,6-6,220.0,"August 24, 1979",Ohio State
JJ Redick,2007,2021,G,6-3,200.0,"June 24, 1984",Duke
Justin Reed,2005,2007,F,6-8,240.0,"January 16, 1982",Ole Miss
Willie Reed,2016,2018,F-C,6-10,220.0,"May 16, 1990",Saint Louis
Ryan Reid,2012,2012,F,6-8,232.0,"October 30, 1986",Florida State
Jared Reiner,2005,2007,C,6-11,255.0,"April 8, 1982",Iowa
Efthimios Rentzias,2003,2003,C,6-11,250.0,"January 11, 1976",
Cameron Reynolds,2019,2021,G,6-7,225.0,"February 7, 1995",Tulane
Glen Rice Jr.,2014,2015,G,6-6,206.0,"January 1, 1991",Georgia Tech
Chris Richard,2008,2010,F,6-9,270.0,"December 25, 1984",Florida
Jason Richardson,2002,2015,G,6-6,220.0,"January 20, 1981",Michigan State
Jeremy Richardson,2007,2009,G-F,6-6,185.0,"March 1, 1984",Delta State University
Malachi Richardson,2017,2019,G,6-6,205.0,"January 5, 1996",Syracuse
Norm Richardson,2002,2002,G,6-5,190.0,"July 24, 1979",Hofstra
Quentin Richardson,2001,2013,G-F,6-6,223.0,"April 13, 1980",DePaul
Luke Ridnour,2004,2015,G,6-2,175.0,"February 13, 1981",Oregon
Antoine Rigaudeau,2003,2003,G,6-7,210.0,"December 17, 1971",
Grant Riller,2021,2021,G,6-2,190.0,"February 8, 1997",College of Charleston
Andre Roberson,2014,2021,G-F,6-7,210.0,"December 4, 1991",Colorado
Anthony Roberson,2006,2009,G,6-2,180.0,"February 14, 1983",Florida
Terrance Roberson,2001,2001,F,6-7,215.0,"December 30, 1976",Fresno State
Brian Roberts,2013,2017,G,6-1,173.0,"December 3, 1985",Dayton
Lawrence Roberts,2006,2007,F,6-9,240.0,"October 20, 1982","Baylor, Mississippi State"
Ryan Robertson,2000,2000,G,6-5,190.0,"October 2, 1976",Kansas
Bernard Robinson,2005,2007,G-F,6-6,210.0,"December 26, 1980",Michigan
Devin Robinson,2018,2019,F,6-8,200.0,"March 7, 1995",Florida
Eddie Robinson,2000,2004,G-F,6-8,210.0,"April 19, 1976",University of Central Oklahoma
Glenn Robinson III,2015,2021,G-F,6-6,222.0,"January 8, 1994",Michigan
Jamal Robinson,2001,2001,F,6-7,212.0,"December 27, 1973",Virginia
Justin Robinson,2020,2022,G,6-1,195.0,"October 12, 1997",Virginia Tech
Nate Robinson,2006,2016,G,5-9,180.0,"May 31, 1984",Washington
Thomas Robinson,2013,2017,F,6-10,237.0,"March 17, 1991",Kansas
Sergio Rodríguez,2007,2017,G,6-3,176.0,"June 12, 1986",
Rajon Rondo,2007,2022,G,6-1,180.0,"February 22, 1986",Kentucky
Quinton Ross,2005,2011,G,6-6,195.0,"April 30, 1981",SMU
Brandon Roy,2007,2013,G,6-6,215.0,"July 23, 1984",Washington
Guy Rucker,2003,2003,F-C,6-11,265.0,"July 27, 1977",Iowa
Damjan Rudež,2015,2017,F,6-10,228.0,"June 17, 1986",
Michael Ruffin,2000,2009,F,6-9,246.0,"January 21, 1977",Tulsa
Brandon Rush,2009,2017,G-F,6-6,220.0,"July 7, 1985",Kansas
Kareem Rush,2003,2010,G,6-6,215.0,"October 30, 1980",Missouri
Walker Russell,2012,2012,G,6-0,170.0,"October 6, 1982",Jacksonville State University
Robert Sacre,2013,2016,C,7-0,270.0,"June 6, 1989",Gonzaga
John Salmons,2003,2015,G,6-7,210.0,"December 12, 1979",Miami (FL)
Soumaila Samake,2001,2003,C,7-0,230.0,"March 18, 1978",
Cheikh Samb,2008,2009,C,7-1,245.0,"October 22, 1984",
Brandon Sampson,2019,2019,G,6-5,184.0,"May 1, 1997",LSU
JaKarr Sampson,2015,2021,G-F,6-7,214.0,"March 20, 1993",St. John's
Jamal Sampson,2003,2007,F-C,6-11,235.0,"May 15, 1983",California
Samardo Samuels,2011,2013,F,6-9,260.0,"January 9, 1989",Louisville
Pepe Sánchez,2001,2003,G,6-4,195.0,"May 8, 1977",Temple
Larry Sanders,2011,2017,C-F,6-11,235.0,"November 21, 1988",VCU
Melvin Sanders,2006,2006,G-F,6-5,210.0,"January 3, 1981","Seward County Community College, Oklahoma State"
Daniel Santiago,2001,2005,C,7-1,256.0,"June 24, 1976","New Mexico, Saint Vincent College"
Jeryl Sasser,2002,2003,G,6-6,200.0,"February 13, 1979",SMU
Tomáš Satoranský,2017,2022,G,6-7,210.0,"October 30, 1991",
Kenny Satterfield,2002,2003,G,6-2,186.0,"April 10, 1981",Cincinnati
Predrag Savović,2003,2003,G,6-6,225.0,"May 21, 1976","UAB, Hawaii"
Brian Scalabrine,2002,2012,F,6-9,241.0,"March 18, 1978",USC
Alex Scales,2006,2006,G,6-4,185.0,"July 3, 1978",Oregon
Luke Schenscher,2006,2007,C,7-1,255.0,"December 31, 1982",Georgia Tech
Luis Scola,2008,2017,F,6-9,240.0,"April 30, 1980",
Mike Scott,2013,2021,F,6-7,237.0,"July 16, 1988",Virginia
Tre Scott,2022,2022,F,6-8,225.0,"November 25, 1996",Cincinnati
Thabo Sefolosha,2007,2020,G-F,6-6,215.0,"May 2, 1984",
Josh Selby,2012,2013,G,6-2,183.0,"March 27, 1991",Kansas
Wayne Selden,2017,2022,G-F,6-5,230.0,"September 30, 1994",Kansas
Mouhamed Sene,2007,2009,C-F,6-11,230.0,"May 12, 1986",
Kevin Séraphin,2011,2017,F,6-9,285.0,"December 7, 1989",
Ansu Sesay,2002,2005,F,6-9,225.0,"July 29, 1976",Ole Miss
Ramon Sessions,2008,2018,G,6-3,190.0,"April 11, 1986",Nevada
Ha Seung-Jin,2005,2006,C,7-3,305.0,"August 4, 1985",
Mustafa Shakur,2011,2014,G,6-3,190.0,"August 18, 1984",Arizona
Walter Sharpe,2009,2009,F,6-9,245.0,"July 18, 1986","Mississippi State, UAB"
Marial Shayok,2020,2020,G,6-5,198.0,"July 26, 1995","Virginia, Iowa State"
Tornike Shengelia,2013,2014,F,6-9,217.0,"October 5, 1991",
Paul Shirley,2003,2005,F-C,6-10,230.0,"December 23, 1977",Iowa State
Iman Shumpert,2012,2021,G,6-5,215.0,"June 26, 1990",Georgia Tech
Alexey Shved,2013,2015,G,6-6,190.0,"December 16, 1988",
Jordan Sibert,2019,2019,G,6-4,187.0,"August 1, 1992","Ohio State, Dayton"
Xavier Silas,2012,2018,G,6-5,205.0,"January 22, 1988","Colorado, Northern Illinois"
Garret Siler,2011,2011,C,6-11,305.0,"October 25, 1986",Augusta State University
Wayne Simien,2006,2007,F,6-9,255.0,"March 9, 1983",Kansas
Bobby Simmons,2002,2012,G-F,6-7,210.0,"June 2, 1980",DePaul
Cedric Simmons,2007,2009,F,6-9,235.0,"January 3, 1986",NC State
Jonathon Simmons,2016,2019,G-F,6-6,195.0,"September 14, 1989",Houston
Zavier Simpson,2022,2022,G,6-0,190.0,"February 11, 1997",Michigan
Courtney Sims,2008,2009,C,6-10,245.0,"October 21, 1983",Michigan
Henry Sims,2013,2016,C,6-10,248.0,"March 27, 1990",Georgetown
Kyle Singler,2013,2018,F,6-8,228.0,"May 4, 1988",Duke
Sean Singletary,2009,2009,G,6-0,185.0,"September 6, 1985",Virginia
Chris Singleton,2012,2014,F,6-8,230.0,"November 21, 1989",Florida State
James Singleton,2006,2012,F,6-8,216.0,"July 20, 1981",Murray State
Deividas Sirvydis,2021,2022,G-F,6-8,190.0,"June 10, 2000",
Peyton Siva,2014,2014,G,6-0,185.0,"October 24, 1990",Louisville
Tamar Slay,2003,2005,G,6-8,215.0,"April 2, 1980",Marshall
Donald Sloan,2012,2016,G,6-3,205.0,"January 15, 1988",Texas A&M
Uroš Slokar,2007,2007,F,6-10,238.0,"May 14, 1983",
Alen Smailagić,2020,2021,F,6-10,215.0,"August 18, 2000",
Chris Smith,2014,2014,G,6-2,200.0,"October 13, 1987","Manhattan College, Louisville"
Craig Smith,2007,2012,F,6-7,250.0,"November 10, 1983",Boston College
Donta Smith,2005,2006,G-F,6-7,215.0,"November 27, 1983",Southeastern Illinois College
Greg Smith,2012,2016,C,6-10,250.0,"January 8, 1991",Fresno State
J.R. Smith,2005,2020,G-F,6-6,225.0,"September 9, 1985",
Jabari Smith,2001,2005,C,6-11,250.0,"February 12, 1977",LSU
Jason Smith,2008,2019,F-C,7-0,240.0,"March 2, 1986",Colorado State
Jerry Smith,2012,2012,G,6-2,190.0,"September 26, 1987",Louisville
Josh Smith,2005,2018,F,6-9,225.0,"December 5, 1985",
Leon Smith,2002,2004,C,6-10,235.0,"November 2, 1980",
Mike Smith,2001,2001,F,6-8,195.0,"April 15, 1976",Louisiana-Monroe
Nolan Smith,2012,2013,G,6-2,185.0,"July 25, 1988",Duke
Russ Smith,2015,2016,G,6-0,165.0,"April 19, 1991",Louisville
Steven Smith,2007,2007,F,6-8,235.0,"April 12, 1983",La Salle
Theron Smith,2004,2005,F,6-8,225.0,"October 3, 1980",Ball State University
Zhaire Smith,2019,2020,G,6-3,205.0,"June 4, 1999",Texas Tech
Tony Snell,2014,2022,G-F,6-6,213.0,"November 10, 1991",New Mexico
Kirk Snyder,2005,2008,G,6-6,225.0,"June 5, 1983",Nevada
Will Solomon,2002,2009,G,6-1,185.0,"July 20, 1978",Clemson
Darius Songaila,2004,2011,F,6-9,248.0,"February 14, 1978",Wake Forest
James Southerland,2014,2014,F,6-8,215.0,"April 28, 1990",Syracuse
Pape Sow,2005,2007,F,6-10,250.0,"November 22, 1981",Cal State Fullerton
Ray Spalding,2019,2021,F,6-10,215.0,"March 11, 1997",Louisville
Vassilis Spanoulis,2007,2007,G,6-4,195.0,"August 7, 1982",
Marreese Speights,2009,2018,C-F,6-10,255.0,"August 4, 1987",Florida
Omari Spellman,2019,2020,F,6-8,245.0,"July 21, 1997",Villanova
Tiago Splitter,2011,2017,F-C,6-11,245.0,"January 1, 1985",
Cassius Stanley,2021,2022,G,6-5,190.0,"August 18, 1999",Duke
Nik Stauskas,2015,2022,G,6-6,205.0,"October 7, 1993",Michigan
D.J. Stephens,2014,2019,G-F,6-5,188.0,"December 19, 1990",Memphis
Lance Stephenson,2011,2022,G-F,6-6,230.0,"September 5, 1990",Cincinnati
Alex Stepheson,2016,2016,F,6-10,270.0,"August 7, 1987","UNC, USC"
DeShawn Stevenson,2001,2013,G,6-5,210.0,"April 3, 1981",
Greg Stiemsma,2012,2015,C,6-11,260.0,"September 26, 1985",Wisconsin
David Stockton,2015,2018,G,5-11,165.0,"June 24, 1991",Gonzaga
Jarnell Stokes,2015,2017,F-C,6-9,263.0,"January 7, 1994",Tennessee
Diamond Stone,2017,2017,C,6-11,255.0,"February 10, 1997",Maryland
Julyan Stone,2012,2018,G,6-6,200.0,"December 7, 1988",Texas-El Paso
Awvee Storey,2005,2008,G-F,6-6,222.0,"April 18, 1977","Illinois, Arizona State"
Salim Stoudamire,2006,2008,G,6-1,179.0,"October 11, 1982",Arizona
Amar'e Stoudemire,2003,2016,F-C,6-10,245.0,"November 16, 1982",
D.J. Strawberry,2008,2008,G,6-5,201.0,"June 15, 1985",Maryland
Rodney Stuckey,2008,2017,G,6-5,210.0,"April 21, 1986",Eastern Washington
Jared Sullinger,2013,2017,F,6-9,260.0,"March 4, 1992",Ohio State
DaJuan Summers,2010,2013,F,6-8,230.0,"January 24, 1988",Georgetown
Caleb Swanigan,2018,2020,F,6-9,260.0,"April 18, 1997",Purdue
Mike Sweetney,2004,2007,F,6-8,275.0,"October 25, 1982",Georgetown
Robert Swift,2005,2009,C,7-0,245.0,"December 3, 1985",
Stromile Swift,2001,2009,F,6-9,225.0,"November 21, 1979",LSU
Craig Sword,2022,2022,G,6-3,196.0,"January 16, 1994",Mississippi State
Pape Sy,2011,2011,F,6-7,225.0,"April 5, 1988",
Keifer Sykes,2022,2022,G,6-0,180.0,"December 30, 1993",Green Bay
Wally Szczerbiak,2000,2009,F,6-7,244.0,"March 5, 1977",Miami University
Yuta Tabuse,2005,2005,G,5-9,165.0,"October 5, 1980",Brigham Young University Hawaii
Chris Taft,2006,2006,F,6-10,260.0,"March 10, 1985",Pitt
Dragan Tarlać,2001,2001,C,6-10,260.0,"May 9, 1973",
Edy Tavares,2016,2017,C,7-3,260.0,"March 22, 1992",
Donell Taylor,2006,2007,G,6-6,180.0,"July 26, 1982","Okaloosa-Walton Community College, UAB"
Isaiah Taylor,2017,2018,G,6-3,170.0,"July 11, 1994",Texas
Jeff Taylor,2013,2015,F,6-7,225.0,"May 23, 1989",Vanderbilt
Jermaine Taylor,2010,2011,G,6-4,210.0,"December 8, 1986",Central Florida
Mike Taylor,2009,2009,G,6-2,165.0,"January 21, 1986",Iowa State
Tyshawn Taylor,2013,2014,G,6-3,185.0,"April 12, 1990",Kansas
Jeff Teague,2010,2021,G,6-3,195.0,"June 10, 1988",Wake Forest
Marquis Teague,2013,2018,G,6-2,189.0,"February 28, 1993",Kentucky
Mirza Teletović,2013,2018,F,6-9,242.0,"September 18, 1985",
Sebastian Telfair,2005,2015,G,6-0,165.0,"June 9, 1985",
Miloš Teodosić,2018,2019,G,6-5,196.0,"March 19, 1987",
Jared Terrell,2019,2019,G,6-3,227.0,"February 10, 1995",Rhode Island
Emanuel Terry,2019,2022,F,6-9,220.0,"August 21, 1996",Lincoln Memorial
Jason Terry,2000,2018,G,6-2,185.0,"September 15, 1977",Arizona
Tyrell Terry,2021,2022,G,6-2,160.0,"September 28, 2000",Stanford
Jon Teske,2022,2022,C,7-1,265.0,"May 4, 1997",Michigan
Hasheem Thabeet,2010,2014,C,7-3,263.0,"February 16, 1987",UConn
Adonis Thomas,2014,2014,F,6-7,200.0,"March 25, 1993",Memphis
Billy Thomas,2005,2008,G,6-4,208.0,"December 23, 1975",Kansas
Brodric Thomas,2021,2022,G,6-5,185.0,"January 28, 1997",Truman State University
Etan Thomas,2002,2011,F,6-9,256.0,"April 1, 1978",Syracuse
Isaiah Thomas,2012,2022,G,5-9,185.0,"February 7, 1989",Washington
Jamel Thomas,2000,2001,F,6-6,215.0,"March 25, 1973",Providence
James Thomas,2005,2006,F,6-8,235.0,"November 22, 1980",Texas
Kenny Thomas,2000,2010,F,6-7,261.0,"July 25, 1977",New Mexico
Khyri Thomas,2019,2021,G,6-3,210.0,"May 8, 1996",Creighton
Lance Thomas,2012,2020,F,6-8,240.0,"April 24, 1988",Duke
Malcolm Thomas,2012,2015,F,6-9,225.0,"November 8, 1988","Pepperdine, San Diego State"
Matt Thomas,2020,2022,G,6-4,190.0,"August 4, 1994",Iowa State
Tyrus Thomas,2007,2015,F,6-9,215.0,"August 17, 1986",LSU
Trey Thompkins,2012,2012,F,6-10,245.0,"May 20, 1990",Georgia
Dijon Thompson,2006,2007,G-F,6-7,195.0,"February 23, 1983",UCLA
Hollis Thompson,2014,2017,G-F,6-8,206.0,"April 3, 1991",Georgetown
Jason Thompson,2009,2016,F-C,6-11,250.0,"July 21, 1986",Rider University
Mychel Thompson,2012,2012,G,6-6,211.0,"June 1, 1988",Pepperdine
Al Thornton,2008,2011,F,6-8,220.0,"December 7, 1983",Florida State
Marcus Thornton,2010,2017,G,6-4,205.0,"June 5, 1987",LSU
Sindarius Thornwell,2018,2021,G,6-4,215.0,"November 15, 1994",South Carolina
Killian Tillie,2021,2022,F,6-9,220.0,"March 5, 1998",Gonzaga
Jamaal Tinsley,2002,2014,G,6-3,195.0,"February 28, 1978",Iowa State
Mike Tobey,2017,2017,C,7-0,260.0,"October 10, 1994",Virginia
Anthony Tolliver,2009,2021,F-C,6-8,240.0,"June 1, 1985",Creighton
Óscar Torres,2002,2003,F,6-6,210.0,"December 18, 1976",
Axel Toupane,2016,2021,G-F,6-7,197.0,"July 23, 1992",
Jeff Trepagnier,2002,2004,G,6-4,200.0,"July 11, 1979",USC
Allonzo Trier,2019,2020,G,6-4,200.0,"January 17, 1996",Arizona
Cezary Trybański,2003,2004,C,7-2,240.0,"September 22, 1979",
Jake Tsakalidis,2001,2007,C,7-2,285.0,"June 10, 1979",
Nikoloz Tskitishvili,2003,2006,F,7-0,225.0,"April 14, 1983",
Alando Tucker,2008,2010,F,6-6,205.0,"February 11, 1984",Wisconsin
Rayjon Tucker,2020,2022,F,6-3,209.0,"September 24, 1997","Florida Gulf Coast, Little Rock"
Ronny Turiaf,2006,2015,F,6-10,249.0,"January 13, 1983",Gonzaga
Mirsad Türkcan,2000,2000,F,6-9,236.0,"June 7, 1976",
Hedo Türkoğlu,2001,2015,F,6-10,220.0,"March 19, 1979",
Evan Turner,2011,2020,G,6-6,220.0,"October 27, 1988",Ohio State
Wayne Turner,2000,2000,G,6-2,190.0,"March 22, 1976",Kentucky
Jeremy Tyler,2012,2014,C,6-10,260.0,"June 21, 1991",
Edwin Ubiles,2012,2012,G,6-6,204.0,"November 26, 1986",Siena College
Ekpe Udoh,2011,2019,C-F,6-10,245.0,"May 20, 1987","Michigan, Baylor"
Ime Udoka,2004,2011,F,6-6,215.0,"August 9, 1977","San Francisco, Portland State"
Beno Udrih,2005,2017,G,6-3,205.0,"July 5, 1982",
Roko Ukić,2009,2010,G,6-5,183.0,"May 12, 1984",
Tyler Ulis,2017,2019,G,5-10,160.0,"January 5, 1996",Kentucky
Jarrod Uthoff,2017,2020,F,6-9,221.0,"May 19, 1993",Iowa
Ben Uzoh,2011,2012,G,6-3,205.0,"March 19, 1988",Tulsa
Denzel Valentine,2017,2022,G,6-4,220.0,"November 16, 1993",Michigan State
David Vanterpool,2001,2001,G,6-5,200.0,"March 31, 1973",St. Bonaventure
Ratko Varda,2002,2002,C,7-1,260.0,"May 6, 1979",
Anderson Varejão,2005,2021,F-C,6-11,273.0,"September 28, 1982",
Jarvis Varnado,2013,2014,F,6-9,230.0,"March 1, 1988",Mississippi State
Greivis Vásquez,2011,2017,G,6-6,217.0,"January 16, 1987",Maryland
Rashad Vaughn,2016,2018,G,6-6,202.0,"August 16, 1996",UNLV
Jan Veselý,2012,2014,F,6-11,240.0,"April 24, 1990",
Charlie Villanueva,2006,2016,F,6-11,232.0,"August 24, 1984",UConn
Marcus Vinicius,2007,2008,F,6-8,225.0,"May 31, 1984",
Jake Voskuhl,2001,2009,C,6-11,245.0,"November 1, 1977",UConn
Slavko Vraneš,2004,2004,C,7-5,275.0,"January 30, 1983",
Jackson Vroman,2005,2006,F-C,6-10,220.0,"June 6, 1981",Iowa State
Sasha Vujačić,2005,2017,G,6-7,195.0,"March 8, 1984",
Dwyane Wade*,2004,2019,G,6-4,220.0,"January 17, 1982",Marquette
Von Wafer,2006,2012,G,6-5,210.0,"July 21, 1985",Florida State
Dajuan Wagner,2003,2007,G,6-2,200.0,"February 4, 1983",Memphis
Dion Waiters,2013,2020,G,6-3,215.0,"December 10, 1991",Syracuse
Henry Walker,2009,2015,F,6-6,220.0,"October 9, 1987",Kansas State
M.J. Walker,2022,2022,G,6-5,213.0,"March 28, 1998",Florida State
Gerald Wallace,2002,2015,F,6-7,215.0,"July 23, 1982",Alabama
Tyrone Wallace,2018,2022,G,6-5,198.0,"June 10, 1994",California
Matt Walsh,2006,2006,G-F,6-6,205.0,"December 2, 1982",Florida
Derrick Walton,2018,2022,G,6-0,189.0,"April 3, 1995",Michigan
Luke Walton,2004,2013,F,6-8,235.0,"March 28, 1980",Arizona
Brad Wanamaker,2019,2022,G,6-3,210.0,"July 25, 1989",Pitt
Casper Ware,2014,2014,G,5-10,175.0,"January 17, 1990",Cal State Long Beach
Jameel Warney,2018,2018,F,6-8,260.0,"January 31, 1994",Stony Brook University
Willie Warren,2011,2011,G,6-4,203.0,"October 22, 1989",Oklahoma
Hakim Warrick,2006,2013,F,6-9,219.0,"July 8, 1982",Syracuse
Julian Washburn,2019,2019,F,6-8,210.0,"December 18, 1991",Texas-El Paso
Darius Washington,2008,2008,G,6-2,195.0,"December 6, 1985",Memphis
Tremont Waters,2020,2022,G,5-10,175.0,"January 10, 1998",LSU
Darryl Watkins,2008,2012,C,6-11,258.0,"November 8, 1984",Syracuse
C.J. Watson,2008,2017,G,6-2,175.0,"April 17, 1984",Tennessee
Earl Watson,2002,2014,G,6-1,195.0,"June 12, 1979",UCLA
Paul Watson,2020,2022,G,6-6,210.0,"December 30, 1994",Fresno State
Maalik Wayns,2013,2014,G,6-2,200.0,"May 2, 1991",Villanova
David Wear,2015,2015,F,6-10,230.0,"September 21, 1990","UNC, UCLA"
Travis Wear,2015,2018,F,6-10,230.0,"September 21, 1990","UNC, UCLA"
Quinndary Weatherspoon,2020,2022,G,6-3,205.0,"September 10, 1996",Mississippi State
Kyle Weaver,2009,2011,G,6-6,201.0,"February 18, 1986",Washington State
James Webb III,2018,2018,F,6-9,202.0,"August 19, 1993",Boise State
Briante Weber,2016,2018,G,6-2,165.0,"December 29, 1992",VCU
Martell Webster,2006,2015,G-F,6-7,230.0,"December 4, 1986",
Sonny Weems,2009,2016,G-F,6-6,205.0,"July 8, 1986",Arkansas
Jiří Welsch,2003,2006,G,6-7,208.0,"January 27, 1980",
Thomas Welsh,2019,2019,C,7-0,255.0,"February 3, 1996",UCLA
David West,2004,2018,F-C,6-9,250.0,"August 29, 1980",Xavier
Delonte West,2005,2012,G,6-4,180.0,"July 26, 1983",Saint Joseph's
Mario West,2008,2011,G,6-5,210.0,"June 19, 1984",Georgia Tech
Robert Whaley,2006,2006,C,6-10,260.0,"April 16, 1982","Barton County Community College, Cincinnati, Walsh University"
Andrew White,2018,2018,G,6-7,210.0,"June 16, 1993","Nebraska, Syracuse"
D.J. White,2009,2014,F,6-9,251.0,"August 31, 1986",Indiana
James White,2007,2013,G-F,6-7,200.0,"October 21, 1982","Florida, Cincinnati"
Okaro White,2017,2019,F,6-8,205.0,"August 13, 1992",Florida State
Rodney White,2002,2005,F,6-9,238.0,"June 28, 1980",UNC Charlotte
Royce White,2014,2014,F,6-8,270.0,"April 10, 1991",Iowa State
Isaiah Whitehead,2017,2018,G,6-4,213.0,"March 8, 1995",Seton Hall
Hassan Whiteside,2011,2022,C,7-0,265.0,"June 13, 1989",Marshall
Greg Whittington,2021,2021,F,6-8,210.0,"February 7, 1993",Georgetown
Shayne Whittington,2015,2016,F-C,6-11,250.0,"March 27, 1991",Western Michigan
C.J. Wilcox,2015,2017,G,6-5,195.0,"December 30, 1990",Washington
Chris Wilcox,2003,2013,F,6-10,221.0,"September 3, 1982",Maryland
Jacob Wiley,2018,2018,F,6-7,215.0,"September 4, 1994",Eastern Washington
Damien Wilkins,2005,2018,F-G,6-6,225.0,"January 11, 1980","NC State, Georgia"
Mike Wilks,2003,2010,G,5-10,185.0,"May 7, 1979",Rice University
Alan Williams,2016,2019,F-C,6-8,265.0,"January 28, 1993",UC Santa Barbara
C.J. Williams,2018,2019,G,6-5,226.0,"February 6, 1990",NC State
Deron Williams,2006,2017,G,6-3,200.0,"June 26, 1984",Illinois
Derrick Williams,2012,2018,F,6-8,240.0,"May 25, 1991",Arizona
Elliot Williams,2012,2016,G,6-5,190.0,"June 20, 1989","Duke, Memphis"
Frank Williams,2003,2005,G,6-3,212.0,"February 25, 1980",Illinois
Jawad Williams,2009,2011,F,6-9,218.0,"February 19, 1983",UNC
Jay Williams,2003,2003,G,6-2,195.0,"September 10, 1981",Duke
Johnathan Williams,2019,2020,F,6-9,228.0,"May 22, 1995","Missouri, Gonzaga"
Jordan Williams,2012,2012,F,6-10,260.0,"October 11, 1990",Maryland
Justin Williams,2007,2008,F,6-10,225.0,"May 12, 1984",Wyoming
Lou Williams,2006,2022,G,6-2,175.0,"October 27, 1986",
Marcus Williams,2007,2010,G,6-3,205.0,"December 3, 1985",UConn
Marcus Williams,2008,2009,F,6-7,205.0,"November 18, 1986",Arizona
Marvin Williams,2006,2020,F,6-8,237.0,"June 19, 1986",UNC
Matt Williams,2018,2018,G,6-5,210.0,"October 14, 1993",Central Florida
Mo Williams,2004,2016,G,6-1,198.0,"December 19, 1982",Alabama
Reggie Williams,2010,2017,F,6-6,205.0,"September 14, 1986",Virginia Military Institute
Sean Williams,2008,2012,C-F,6-10,235.0,"September 13, 1986",Boston College
Shawne Williams,2007,2015,F,6-9,225.0,"February 16, 1986",Memphis
Shelden Williams,2007,2012,F,6-9,250.0,"October 21, 1983",Duke
Terrence Williams,2010,2013,F,6-6,220.0,"June 28, 1987",Louisville
Troy Williams,2017,2019,F,6-7,218.0,"December 30, 1994",Indiana
Nigel Williams-Goss,2020,2020,G,6-2,190.0,"September 16, 1994","Gonzaga, Washington"
Dedric Willoughby,2000,2000,G-F,6-3,180.0,"May 27, 1974","New Orleans, Iowa State"
D.J. Wilson,2018,2022,F,6-10,231.0,"February 19, 1996",Michigan
Jamil Wilson,2018,2018,F,6-7,230.0,"November 21, 1990","Oregon, Marquette"
Kyle Wiltjer,2017,2017,F,6-10,240.0,"October 20, 1992","Kentucky, Gonzaga"
Cassius Winston,2021,2022,G,6-1,185.0,"February 28, 1998",Michigan State
Jeff Withey,2014,2018,C,7-0,231.0,"March 7, 1990",Kansas
Rubén Wolkowyski,2001,2003,F,6-10,270.0,"September 30, 1973",
Nate Wolters,2014,2018,G,6-4,190.0,"May 15, 1991",South Dakota State
Robert Woodard II,2021,2022,F,6-6,235.0,"September 22, 1999",Mississippi State
Loren Woods,2002,2008,F-C,7-1,245.0,"June 21, 1978","Wake Forest, Arizona"
Qyntel Woods,2003,2006,F,6-8,221.0,"February 16, 1981",Northeast Mississippi Community College
Metta World Peace,2000,2017,F,6-7,260.0,"November 13, 1979",St. John's
Antoine Wright,2006,2011,G-F,6-7,210.0,"February 6, 1984",Texas A&M
Bracey Wright,2006,2007,G,6-3,210.0,"July 1, 1984",Indiana
Brandan Wright,2008,2018,F-C,6-10,210.0,"October 5, 1987",UNC
Chris Wright,2012,2014,F,6-8,226.0,"September 30, 1988",Dayton
Chris Wright,2013,2013,G,6-1,210.0,"November 4, 1989",Georgetown
Dorell Wright,2005,2015,F-G,6-9,205.0,"December 2, 1985",
Julian Wright,2008,2011,F,6-8,225.0,"May 20, 1987",Kansas
Moses Wright,2022,2022,F,6-9,233.0,"December 23, 1998",Georgia Tech
Justin Wright-Foreman,2020,2020,G,6-0,190.0,"October 27, 1997",Hofstra
Tony Wroten,2013,2016,G,6-6,205.0,"April 13, 1993",Washington
Guerschon Yabusele,2018,2019,F,6-8,260.0,"December 17, 1995",
Vincent Yarbrough,2003,2003,G-F,6-7,210.0,"March 21, 1981",Tennessee
James Young,2015,2018,G-F,6-6,215.0,"August 16, 1995",Kentucky
Joe Young,2016,2018,G,6-2,180.0,"June 27, 1992","Houston, Oregon"
Nick Young,2008,2019,G-F,6-7,210.0,"June 1, 1985",USC
Sam Young,2010,2013,F,6-6,220.0,"June 1, 1985",Pitt
Tim Young,2000,2000,C,7-0,220.0,"February 6, 1976",Stanford
Sun Yue,2009,2009,G,6-9,205.0,"November 6, 1985",
Luke Zeller,2013,2013,C,6-11,245.0,"April 7, 1987",Notre Dame
Tyler Zeller,2013,2020,F-C,7-0,253.0,"January 17, 1990",UNC
Wang Zhizhi,2001,2005,C,7-0,255.0,"July 8, 1977",
Derrick Zimmerman,2006,2006,G,6-3,195.0,"December 2, 1981",Mississippi State
Stephen Zimmerman,2017,2017,C,7-0,240.0,"September 9, 1996",UNLV
Paul Zipser,2017,2018,G-F,6-8,215.0,"February 18, 1994",
Ante Žižić,2018,2020,F-C,6-10,266.0,"January 4, 1997",
